user_input,reference,reference_video_url,persona_name,query_style,query_length
체중에 대한 잘못된 정보는 무엇인가요?,"'하루 1,000ml만 넘지 않으면 괜찮다'는 이야기는 잘못된 정보입니다. 실제로 하루 1,000ml 정도 먹는 아기는 드물고, 이런 아기들 중에는 체중 과다나 이유식 문제 등 다른 문제가 있는 경우가 많습니다.",https://www.youtube.com/watch?v=08B0VqzITbU,a pediatric nutrition expert,MISSPELLED,SHORT
수유에 대해 아기가 스스로 먹게 하려면 어떻게 해야 하나요?,"아기를 먹일 때는 시간을 엄격히 정해 억지로 먹이거나 먹는 양을 지나치게 재지 말고, 아기가 배고파할 때 마음껏 먹게 해주는 것이 중요합니다. 신생아 시기부터 이런 방식을 시작하면 더 잘 정착됩니다. 아기가 스스로 먹는 것을 조절하는 능력을 갖게 하려면, 아기가 먹고 싶어할 때 먹이고 다음 수유까지 충분히 기다리는 것이 필요합니다. 또한, 중간중간 소아청소년과 진료를 받으며 아기가 젖을 제대로 물고 있는지, 수유 패턴에 문제가 없는지 확인하는 것이 중요합니다.",https://www.youtube.com/watch?v=QLlu_Zmr9wQ,a pediatrician,MISSPELLED,MEDIUM
낙농업체와 관련된 우유의 안전성에 대한 소아청소년과 전문의의 의견은 무엇인가요?,"소아청소년과 전문의는 우유가 건강에 유익하다고 권장하며, 우유의 안전성에 대한 우려가 있지만, 관련 자료를 검토한 결과 우유는 안전하다고 결론지었습니다. 또한, 낙농업체의 이해관계에서 비롯된 주장도 있지만, 전문가들은 우유가 특히 성장기 아이들에게 중요한 식품이라고 강조합니다.",https://www.youtube.com/watch?v=lBvgfh5FDxk,a pediatrician,MISSPELLED,MEDIUM
아이에게 멸균우유를 먹이는 것이 적절한 상황은 무엇인가요?,"멸균우유는 냉장 보관이 어려운 경우에만 사용하는 것이 바람직합니다. 일반 우유는 냉장 보관해야 하므로, 냉장고가 없거나 외출 시 냉장된 우유를 구하기 어려운 경우에는 멸균우유를 대신 사용할 수 있습니다.",https://www.youtube.com/watch?v=GKgb8i7B0E4,a child nutrition specialist,WEB_SEARCH_LIKE,MEDIUM
"비만과 관련하여 아이가 잘 먹지 않는 경우, 부모가 가장 먼저 확인해야 할 사항은 무엇인가요?","부모가 가장 먼저 확인해야 할 사항은 아이의 몸무게입니다. 몸무게가 많이 나가는 아이는 이미 체중이 충분히 늘어난 경우가 많아 잘 안 먹는 것이 정상입니다. 억지로 더 먹이려 하면 아이가 스스로 체중을 조절할 기회를 잃게 되고, 오히려 비만으로 이어질 수 있습니다.",https://www.youtube.com/watch?v=UoecyzsonfQ,a child nutrition specialist,WEB_SEARCH_LIKE,LONG
부모가 아기주도 이유식을 시작하기 전에 반드시 알아야 할 중요한 점은 무엇인가요?,"부모가 아기주도 이유식을 시작하기 전에 반드시 알아야 할 중요한 점은 충분히 공부하고 준비해야 한다는 것입니다. 남들이 좋다고 해서 성급히 시작하면 실패하거나 이후 이유식 진행이 어려워질 수 있습니다. 아기주도 이유식은 아이가 가정의 어른들이 먹는 음식을 먹기 위한 중간 단계라는 점을 잊지 말아야 하며, 준비 없이 시작한 부모들은 나중에 아이가 밥을 잘 먹지 않거나 숟가락 사용을 가르치는 등으로 고생하는 경우가 많습니다. 또한, 아기주도 이유식을 원활하게 하려면 어릴 때부터 손으로 집어 먹는 연습과 씹는 연습이 되어 있어야 하고, 신생아 때부터 배고픔 신호에 따라 수시로 먹이면서 아기가 스스로 먹고 섭취량을 조절하는 본능을 살려줘야 합니다. 마지막으로, 아기주도 이유식은 덩어리 있는 음식을 먹게 하는 방식이므로 먹는 도중 목에 걸릴 위험이 있으니 시작 전에 하임리히법 같은 응급조치를 반드시 익혀두어야 합니다.",https://www.youtube.com/watch?v=51j6CT460nU,a pediatric nutrition expert,PERFECT_GRAMMAR,LONG
하정우 소아청소년과 전문의가 멸균우유와 저지방 멸균우유에 대해 어떻게 설명하나요?,"하정우 소아청소년과 전문의는 최근 아이들에게 멸균우유를 먹이는 부모들이 늘고 있다고 언급하며, 일반 우유와 멸균우유의 차이를 설명합니다. 그는 돌이 지나면 분유를 먹던 아기는 일반 우유로 바꾸는 것이 권장되며, 냉장 보관이 어려운 경우에는 멸균우유를 대신 사용할 수 있다고 말합니다. 또한, 두 돌이 지난 아이는 저지방이나 무지방 우유를 먹이는 것이 좋고, 외출 시 저지방·무지방 멸균우유를 주는 것도 괜찮다고 설명합니다. 그는 유당 제거 우유에 대한 오해를 바로잡으며, 유당은 필요한 영양소이므로 일부러 빼서 더 좋은 우유라고 말하기는 어렵다고 강조합니다.",https://www.youtube.com/watch?v=GKgb8i7B0E4,a pediatrician,MISSPELLED,LONG
어린이의 변비 예방을 위해 현미를 어떻게 활용할 수 있나요?,"변비 예방을 위해 섬유질 섭취가 중요하며, 현미를 50% 이상 섞은 밥을 먹이는 것이 도움이 됩니다. 이는 아이들이 배변을 원활하게 하는 데 기여할 수 있습니다.",https://www.youtube.com/watch?v=28FfLPP_1MI,a child nutrition specialist,PERFECT_GRAMMAR,LONG
항생제는 우유에 어떤 영향을 미치나요?,항생제 잔류 문제는 중요한 쟁점이지만 우리나라는 원유 단계에서 항생제 검사를 하고 항생제가 검출되면 해당 원유를 폐기하므로 시판되는 우유에서 항생제가 검출될 가능성은 낮습니다. 다만 검사·관리에 빈틈이 있을 수 있어 국가는 이를 철저히 관리해야 합니다. 항생제 잔류물 자체가 경구로 복용하는 항생제와 동일한 영향은 아닐 수 있지만 항생제 내성 문제 등은 가볍게 볼 사안이 아니므로 저도 고민하고 있습니다.,https://www.youtube.com/watch?v=lBvgfh5FDxk,a pediatric nutrition expert,POOR_GRAMMAR,MEDIUM
아기에게 오트밀을 어떻게 먹일 수 있나요?,"오트밀은 사과나 바나나, 아보카도와 섞어주면 아기가 맛있게 먹을 수 있습니다.",https://www.youtube.com/watch?v=XP4Y8nNvdDA,a pediatrician,PERFECT_GRAMMAR,SHORT
소아청소년과 전문의로서 아이가 잘 안 먹는 이유는 뭐라고 생각해요?,"아이를 잘 먹지 못해 병원을 찾는 부모가 많습니다. 잘 안 먹는다고 내원하는 아이들 중에는 병이나 다른 이상이 없어 특별한 치료가 필요 없는 경우가 생각보다 많습니다. 가장 먼저 확인해야 할 것은 아이의 몸무게입니다. 몸무게가 많이 나가는 아이는 이미 체중이 충분히 늘어난 경우가 많아 잘 안 먹는 것이 정상입니다. 부모가 억지로 더 먹이려 하면 아이가 스스로 체중을 조절할 기회를 잃게 되고, 오히려 비만으로 이어질 수 있습니다. 또한, 체중에 문제가 없는 경우에도 아이는 일시적으로 잘 안 먹을 수 있으며, 특별한 병이 없다면 대부분 저절로 좋아집니다.",https://www.youtube.com/watch?v=UoecyzsonfQ,a pediatrician,POOR_GRAMMAR,MEDIUM
아이 비타민D 꼭 먹여야 하나요?,"비타민 D는 아이에게 매우 중요하며, 특히 아이들은 햇빛을 충분히 받지 못해 비타민 D 결핍이 흔합니다. 일반 권장량은 돌까지 하루 400 IU, 그 이후부터는 하루 600 IU 정도입니다. 비타민 D는 정상적인 신체 기능 유지에 필수적이므로 신생아 때부터 보충하는 것이 좋습니다.",https://www.youtube.com/watch?v=vLXZilr9H84,a pediatric nutrition expert,MISSPELLED,SHORT
아기 혼합수유할때 모유 끊으면 잘 먹게 되나요?,"혼합수유 중 아기가 잘 안 먹는다고 모유를 끊고 완전히 분유로 바꾸면 잘 먹게 되는 경우도 있지만, 반대로 분유로 완전히 바꾼 후 아이가 원래 먹던 양보다 훨씬 적게 먹는 경우가 많습니다. 모유를 끊고 잘 먹게 된 경우는 인터넷에 쉽게 올라오지만, 실패한 경우는 잘 올라오지 않아 많은 부모들이 오해하기 쉽습니다. 혼합수유를 하다가 모유를 끊으면 총 섭취량이 늘어나기보다 줄어드는 경우가 대부분이며, 분유에 적응하는 데 시간이 필요합니다. 따라서 아기가 잘 안 먹는다고 해서 무조건 모유를 끊고 완전히 분유로 전환하는 것은 권하지 않습니다.",https://www.youtube.com/watch?v=OoLubZL8pe0,a pediatric nutrition expert,POOR_GRAMMAR,MEDIUM
젖병을 언제 끊어야 하나요?,젖병 사용을 그만두는 시기는 일반적으로 돌 무렵이라고 생각하시면 됩니다. 돌이 지나면 한두 달 이내에 젖병을 그만 쓰는 것이 권장됩니다.,https://www.youtube.com/watch?v=TIg7STi9lrE,a pediatrician,MISSPELLED,SHORT
어린이의 이유식에 잡곡과 현미를 섞어 주는 것이 심혈관질환 예방에 어떻게 도움이 되나요?,"잡곡과 현미는 영양소와 식이섬유가 풍부해 당뇨 등 만성질환 예방에도 도움되는 장점이 있어 이유식에 잡곡과 현미를 섞어 주는 것이 권장됩니다. 통곡식을 충분히 섭취하면 백미보다 다양한 영양소와 식이섬유를 더 얻을 수 있어 비만, 당뇨병, 심혈관질환, 암 등의 예방에 도움이 됩니다.",https://www.youtube.com/watch?v=oHNNLzWV9No,a pediatric nutrition expert,MISSPELLED,LONG
2017년 12월부터 아기 체중 기준이 어떻게 변경되었나요?,"2017년 12월부터 우리나라에서는 3세 미만 아이들에게 체중 증가를 평가하는 기준표를 적용하도록 바뀌었습니다. 이 기준표는 2006년에 만들어진 것으로, 국가와 인종에 관계없이 적용할 수 있음이 입증되었습니다.",https://www.youtube.com/watch?v=bs1XLiIi9lM,a child nutrition specialist,WEB_SEARCH_LIKE,SHORT
부모가 아기주도 이유식을 시작하기 전에 알아야 할 중요한 점은 무엇인가요?,"부모가 아기주도 이유식을 시작하기 전에 꼭 알아둬야 할 점은 충분히 공부하고 준비해야 한다는 것입니다. 남들이 좋다고 해서 성급히 시작하면 실패하거나 이후 이유식 진행이 어려워질 수 있습니다. 아기주도 이유식은 아이가 가정의 어른들이 먹는 음식을 먹기 위한 중간 단계라는 점을 잊지 말아야 하며, 준비 없이 시작한 부모들은 나중에 아이가 밥을 잘 먹지 않거나 숟가락 사용을 가르치는 등으로 고생하는 경우가 많습니다. 또한, 아기주도 이유식을 원활하게 하려면 어릴 때부터 손으로 집어 먹는 연습과 씹는 연습이 되어 있어야 하고, 신생아 때부터 배고픔 신호에 따라 수시로 먹이면서 아기가 스스로 먹고 섭취량을 조절하는 본능을 살려줘야 합니다.",https://www.youtube.com/watch?v=51j6CT460nU,a pediatrician,WEB_SEARCH_LIKE,MEDIUM
핑거푸드 언제 시작해?,최근에는 만 6개월에 핑거푸드부터 시작하는 경우도 많아 아이들의 식감 발달은 생각보다 빠릅니다.,https://www.youtube.com/watch?v=CQdglgCCIHo,a pediatric nutrition expert,POOR_GRAMMAR,SHORT
수유 방식에서 아기 신호에 따라 먹이는 방법의 중요성은 무엇인가요?,"아기 신호에 따라 수유하는 방법은 신생아가 배고픔 신호를 보일 때 먹이고, 한 번에 충분히 먹인 뒤 다음 배고픔 신호가 올 때까지 여유 있게 기다리는 것을 포함합니다. 이는 아기에게 맡기는 자동 모드로, 수동 방식인 3시간마다 정해진 시간에 먹이거나 정해진 양만큼 주는 것을 권장하지 않습니다. 아기 신호에 따라 수유하면 아기가 스스로 먹는 리듬을 찾을 수 있어 수면과 수유 모두 좋아지고, 아기와 엄마 모두 편해집니다.",https://www.youtube.com/watch?v=S0TvLFeHwyk,a pediatric nutrition expert,PERFECT_GRAMMAR,MEDIUM
심장병 예방을 위해 어린이에게 어떤 식습관을 권장하나요?,"심장병 예방을 위해 두 돌까지는 음식에 소금을 따로 첨가하지 않고 원래 짠 음식도 먹이지 않는 것이 좋습니다. 두 돌이 지나서도 가능하면 싱겁게 먹이는 것이 중요하며, 짠 음식은 습관이 들기 어렵기 때문에 어릴 때부터 싱겁게 먹는 습관을 들이는 것이 매우 중요합니다.",https://www.youtube.com/watch?v=3hI0NhprCfg,a pediatrician,WEB_SEARCH_LIKE,SHORT
소아청소년과에서 아기의 수유 패턴을 어떻게 평가하나요?,"소아청소년과 진료를 받으며 아기가 젖을 제대로 물고 있는지, 수유 패턴에 문제가 없는지 확인하는 것이 중요합니다. 부모는 아기의 체중과 수유 패턴을 보면서 바람직한 방향으로 조절해 주어야 합니다.",https://www.youtube.com/watch?v=QLlu_Zmr9wQ,a pediatric nutrition expert,WEB_SEARCH_LIKE,MEDIUM
2018년부터 아기의 먹는 양을 평가하는 데 사용되는 기준은 무엇인가요?,"2018년부터 아기의 먹는 양을 평가하는 기준은 2006년 세계보건기구에서 발표한 성장표입니다. 이 표는 전 세계적으로 표준으로 사용되며, 우리나라에서도 2017년 12월부터 도입하여 2018년부터 기준으로 사용하고 있습니다.",https://www.youtube.com/watch?v=1Xcmuwr0Cnw,a child nutrition specialist,WEB_SEARCH_LIKE,LONG
공공장소에서 아이가 어떻게 행동해야 하나요?,"공공장소에서 상황에 맞는 행동을 하는 법을 어릴 때부터 가르쳐야 하며, 돌아다니며 먹는 아이 문제보다 쫓아다니며 먹이는 부모가 더 큰 문제임을 잊지 마십시오.",https://www.youtube.com/watch?v=tEuimZqaiUE,a child nutrition specialist,POOR_GRAMMAR,SHORT
이유식을 적당히 먹고 있는지 어떻게 확인하나요?,"이유식을 적당히 먹고 있는지 확인하려면 우선 아기의 몸무게가 잘 자라고 있는지를 살펴보는 것이 중요합니다. 일반적으로 하루 이유식 섭취량이 500~600g 정도면 양에는 문제가 없습니다. 또한, 수유량이 하루 500g 이상이면 아기가 원하는 만큼 이유식을 먹여도 괜찮습니다. 만약 몸무게가 정상적으로 늘지 않는데 이유식을 충분히 먹이고 있다면 이유식의 조리 상태를 점검해야 합니다.",https://www.youtube.com/watch?v=ZnfIY5F1UR4,a pediatric nutrition expert,WEB_SEARCH_LIKE,SHORT
정유미에 대해 더 알고 싶어요. 모유수유 후 젖을 짜지 말라는 이유는 무엇인가요?,모유수유 후 젖을 짜지 않는 것이 기본입니다. 쓸데없이 젖을 짜는 습관을 들이면 번거롭고 시간이 더 들 뿐 아니라 유즙 분비가 과도하게 늘어나 전유·후유의 불균형이나 유방 울혈 같은 문제가 생길 수 있습니다. 반복되면 오히려 모유수유가 어려워질 수 있습니다. 특별한 이유가 없다면 수유 후 젖을 짜지 않아도 된다는 점을 기억하세요.,https://www.youtube.com/watch?v=I_-qFYAAMNk,a pediatric nutrition expert,MISSPELLED,MEDIUM
모유수유 중 비만을 예방하기 위해 부모가 주의해야 할 수유 패턴은 무엇인가요?,"모유수유 중 비만을 예방하기 위해 부모는 일정한 시간마다 정해진 양을 주거나, 조금씩 자주 계속 먹이거나, 입의 작은 신호만 보고 바로 먹이거나, 보챈다고 즉시 먹이는 등의 습관을 피해야 합니다. 이러한 습관 중 하나라도 있으면 문제 해결이 어려우며, 여러 가지가 겹치면 아기가 스스로 섭취를 조절하기 힘들어질 수 있습니다.",https://www.youtube.com/watch?v=wvLDAfKCce4,a pediatric nutrition expert,PERFECT_GRAMMAR,LONG
이유식 시작하기 전에 꼭 알아둘 최근에 바뀐 4가지 이유식 지침들에 대해 토마토는 언제 주는 것이 좋나요?,"토마토는 돌 전에 시도하는 것이 권장되며, 특정 음식을 너무 늦게 도입하면 알레르기 발생이 증가할 수 있습니다.",https://www.youtube.com/watch?v=HMM_IdFEOg4,a child nutrition specialist,MISSPELLED,LONG
새우를 유아에게 언제부터 먹여도 괜찮은가요?,"과거에는 새우를 2세 이전에는 주지 말라고 했으나, 최근의 의학적 데이터에 따르면 음식을 늦게 시작하면 오히려 알레르기가 증가할 수 있음이 밝혀졌습니다. 따라서 새우를 포함한 다양한 음식을 이른 시기부터 먹이는 것이 권장됩니다.",https://www.youtube.com/watch?v=yvy-PRKF5GQ,a child nutrition specialist,PERFECT_GRAMMAR,MEDIUM
식이섬유가 아기에게 중요한 이유는 무엇인가요?,"식이섬유는 아기에게 다양한 영양소를 제공하고 비만, 당뇨병, 심혈관질환, 암 등의 예방에 도움이 됩니다. 잡곡과 현미를 섞어 이유식에 포함시키면 식이섬유를 충분히 섭취할 수 있어 건강한 식습관을 형성하는 데 중요합니다.",https://www.youtube.com/watch?v=oHNNLzWV9No,a child nutrition specialist,PERFECT_GRAMMAR,MEDIUM
"아기를 수유할 때, 아기가 스스로 배고픔을 느끼도록 하는 방법은 무엇인가요?","아기를 스스로 배고플 때 먹이는 방식으로 바꾸는 것은 단순히 수유 시간만 고치는 것으로 해결되지 않습니다. 부모가 처음부터 수유 간격을 정하지 않고 아기에게 맡기는 것이 중요하며, 아기가 스스로 조절하게 됩니다. 처음에는 24시간 수시 수유가 필요할 수 있고, 한 번에 충분히 먹이고 배가 부를 때까지 기다려 주는 것이 중요합니다.",https://www.youtube.com/watch?v=Yqtx1U_EiPE,a child nutrition specialist,PERFECT_GRAMMAR,MEDIUM
정윤희에 대해 알고 싶어요. 모유수유와 비만에 대한 정보가 있나요?,모유수유에 대한 더 상세한 내용을 알고 싶으신 분은 정윤희 기비를 참고하시기 바랍니다.,https://www.youtube.com/watch?v=wvLDAfKCce4,a pediatric nutrition expert,MISSPELLED,MEDIUM
모유의 중요성에 대해 설명해 주실 수 있나요?,모유가 가장 좋기 때문에 특별히 필요한 경우가 아니라면 분유를 자주 바꾸는 것은 권장하지 않습니다.,https://www.youtube.com/watch?v=N7wsFEKAUB0,a child nutrition specialist,PERFECT_GRAMMAR,MEDIUM
아기주도 이유식에 대해 잘못된 정보를 가지고 시작하면 어떤 문제가 생길 수 있나요?,아기주도 이유식을 잘못된 정보로 시작하면 실패하거나 이후 이유식 진행이 어려워질 수 있습니다. 준비 없이 시작한 부모들은 나중에 아이가 밥을 잘 먹지 않거나 숟가락 사용을 가르치는 등으로 고생하는 경우가 많습니다.,https://www.youtube.com/watch?v=51j6CT460nU,a pediatric nutrition expert,MISSPELLED,LONG
백설탕이 아이들의 건강에 미치는 영향은 무엇인가요?,"백설탕을 포함한 첨가당을 많이 섭취하면 비만, 심혈관계 질환 위험 증가, 당뇨병 발생 위험 증가, 말초신경 손상, 충치 등 다양한 건강 문제가 생길 수 있습니다. 특히 성장기 아이들은 설탕 섭취로 인해 필수 영양소 섭취가 줄어들어 성장과 두뇌 발달에 악영향을 받을 수 있으며, 미각 발달과 식습관 형성에도 부정적 영향을 줄 수 있습니다.",https://www.youtube.com/watch?v=Gdj4TA6ZLyc,a pediatrician,MISSPELLED,LONG
소아청소년과에서 아이가 밥을 잘 먹지 않는 이유는 무엇인가요?,"아이들이 밥을 잘 먹지 않는 이유는 여러 가지가 있을 수 있습니다. 첫째, 체중이 많이 나가는 경우 아이가 스스로 식사량을 조절하려고 잘 먹지 않을 수 있습니다. 둘째, 빈혈 같은 질병이 있을 경우 식욕이 돌아오지 않는 경우가 많아 치료가 필요합니다. 그러나 대부분의 경우 특별한 질병이 없는 경우가 많습니다. 아이가 잘 먹지 않는다고 억지로 먹이지 말고, 부모가 언제·어디서·어떤 음식을 줄지는 정하고, 아이가 어떤 음식을 얼마나 먹는지는 스스로 결정하도록 내버려 두는 것이 중요합니다.",https://www.youtube.com/watch?v=E7ZFsbXohx0,a pediatric nutrition expert,MISSPELLED,LONG
아기에게 과일을 줄 때 주의해야 할 점은 무엇인가요?,"아기에게 과일을 줄 때는 당도가 높은 과일을 많이 주지 않도록 주의해야 합니다. 이유식을 하면서 수유량이 줄어들었다면 이유식의 구성이나 양을 점검하고, 과일의 양을 조절하는 것이 좋습니다.",https://www.youtube.com/watch?v=0J6dh_a0I9I,a child nutrition specialist,PERFECT_GRAMMAR,SHORT
대장암 예방에 도움이 되는 식사는 어떤 것인가요?,"현미·잡곡 섭취는 심장병, 뇌졸중, 제2형 당뇨병 등 만성질환 예방과 대장암 위험 감소에도 도움이 됩니다.",https://www.youtube.com/watch?v=4lmWRrx5kIQ,a pediatric nutrition expert,MISSPELLED,MEDIUM
까망베르를 어린아이에게 주기 전에 어떤 점을 고려해야 하나요?,"어린아이에게 까망베르와 같은 연성 치즈를 줄 때는 반드시 멸균 처리 여부와 나트륨 함량을 확인해야 합니다. 멸균 처리되지 않은 치즈는 면역력이 약한 어린아이에게 심각한 병을 유발할 수 있으므로 주의해야 합니다. 또한, 나트륨 함량이 적은 아기용 치즈를 선택하고, 간식으로 조금씩만 주는 것이 좋습니다.",https://www.youtube.com/watch?v=OB2vXyWDriQ,a child nutrition specialist,WEB_SEARCH_LIKE,MEDIUM
국제적으로 우유의 안전성에 대한 과학적 평가 결과는 무엇인가요?,국제적으로도 관련 물질의 인체 안전성은 과학적 평가를 통해 문제없다는 결론을 내린 바 있습니다.,https://www.youtube.com/watch?v=lBvgfh5FDxk,a child nutrition specialist,MISSPELLED,LONG
신생아의 수유 방법에 대해 알려줘!,"신생아는 배고픔 신호를 보일 때 먹이고, 한 번에 충분히 먹인 뒤 다음 배고픔 신호가 올 때까지 여유 있게 기다리는 것이 가장 기본입니다. 수동 방식인 3시간마다 정해진 시간에 먹이거나 정해진 양만큼 주는 것은 권장하지 않으며, 아기 신호에 따라 수유하는 자동 모드로 하는 것이 좋습니다.",https://www.youtube.com/watch?v=S0TvLFeHwyk,a pediatrician,MISSPELLED,SHORT
"IBCLC 전문가로서, 아기의 몸무게 증가를 위해 분유를 두 돌까지 계속 먹이는 것이 필요한가요?","결론부터 말씀드리면 그럴 필요는 없습니다. 몸무게가 적다는 이유만으로 분유를 더 오래 먹이는 것은 기준이 되지 않으며, 분유는 기본적으로 돌까지 먹이는 것이 좋고, 돌이 지나면 서서히 줄여 다른 음식이나 우유로 바꿔 주시면 됩니다. 체중 증가에는 분유 종류보다 총 칼로리 섭취가 더 중요합니다.",https://www.youtube.com/watch?v=eGD1vhqSmpk,a child nutrition specialist,PERFECT_GRAMMAR,MEDIUM
토마토는 아이들한테 어떻게 먹여야 하나요?,"토마토는 생과일로 먹어도 좋지만, 올리브유와 함께 조리하면 라이코펜 같은 항산화 물질의 흡수가 좋아집니다.",https://www.youtube.com/watch?v=v43KzkQWXik,a child nutrition specialist,POOR_GRAMMAR,MEDIUM
하루 천에 대한 잘못된 정보는 무엇인가요?,"'하루 1,000ml만 넘지 않으면 괜찮다'는 이야기는 잘못된 정보입니다. 실제로 하루 1,000ml 정도 먹는 아기는 드물고, 이런 아기들 중에는 체중 과다나 이유식 문제 등 다른 문제가 있는 경우가 많습니다. 특별한 이유가 없다면 정상적으로 잘 먹는 아기에게는 하루 1,000ml가 과잉이 될 수 있습니다.",https://www.youtube.com/watch?v=08B0VqzITbU,a child nutrition specialist,MISSPELLED,MEDIUM
소아청소년과에서 아기 몸무게 문제에 대해 어떻게 조언하나요?,"소아청소년과 전문의는 아기의 몸무게가 잘 늘지 않는 경우, 분유를 두 돌까지 계속 먹이는 것이 필요하지 않다고 조언합니다. 몸무게가 적다는 이유만으로 분유를 더 오래 먹이는 것은 기준이 되지 않으며, 분유는 기본적으로 돌까지 먹이는 것이 좋고, 이후에는 다른 음식이나 우유로 서서히 전환해야 한다고 강조합니다.",https://www.youtube.com/watch?v=eGD1vhqSmpk,a pediatric nutrition expert,MISSPELLED,SHORT
오트밀은 아기에게 언제부터 주면 좋나요?,오트밀은 알레르기를 잘 일으키지 않으므로 이유식 초기부터 쌀죽과 함께 동시에 시작해도 무난합니다. 그러나 아직 오트밀을 안 먹어본 12개월 아기에게는 여러 잡곡을 한꺼번에 섞기보다는 한두 가지씩 섞어 주는 것이 좋습니다.,https://www.youtube.com/watch?v=J43GQGMKCCQ,a pediatrician,MISSPELLED,SHORT
아기 요거트 언제 먹여야 해?,아기에게 요거트는 이유식을 시작하면 언제든지 시작할 수 있다고 권고됩니다. 만 6개월이 되면 적당한 시기에 요거트를 시작하시면 됩니다.,https://www.youtube.com/watch?v=XP4Y8nNvdDA,a pediatrician,POOR_GRAMMAR,SHORT
소아청소년과에서 아이들에게 통곡물을 섞어 밥을 먹이는 이유는 무엇인가요?,"소아청소년과 전문의에 따르면, 통곡물(현미·잡곡)은 백미보다 비타민, 철분, 엽산, 셀레늄 등 중요한 영양소와 식이섬유가 더 풍부하여 영양 섭취에 도움이 됩니다. 또한, 식이섬유가 많아 포만감이 더 오래가 체중 유지에도 도움이 되며, 심장병, 뇌졸중, 제2형 당뇨병 등 만성질환 예방과 대장암 위험 감소에도 기여합니다.",https://www.youtube.com/watch?v=4lmWRrx5kIQ,a pediatrician,PERFECT_GRAMMAR,SHORT
아기가 스스로 먹는 양을 조절할 수 있는 간격은 생후 몇 개월부터 생기나요?,생후 1~2개월이 지나면 아기가 한 번에 먹는 양이 늘고 어느 정도 규칙적인 간격이 생깁니다.,https://www.youtube.com/watch?v=QLlu_Zmr9wQ,a pediatric nutrition expert,WEB_SEARCH_LIKE,LONG
푸른 생선은 아이에게 비타민 D를 어떻게 도와줄 수 있나요?,푸른 생선은 비타민 D가 포함된 음식 중 하나입니다. 그러나 식사만으로는 충분한 양을 얻기 어렵기 때문에 비타민 D 보충제를 함께 섭취하는 것이 좋습니다.,https://www.youtube.com/watch?v=vLXZilr9H84,a child nutrition specialist,POOR_GRAMMAR,MEDIUM
유축기란 무엇인가요?,"유축기는 의학적 필요가 없다면 젖을 짜서 병으로 먹이는 것은 권하지 않으며, 대부분의 엄마에게는 비용이 드는 유방 마사지 등 특수한 처치가 필요하지 않습니다. 유축기는 산전이나 산후에 미리 준비할 필요가 없고, 의학적으로 꼭 필요한 경우를 제외하면 가져갈 필요가 없습니다.",https://www.youtube.com/watch?v=EEFXM4m3ZXg,a child nutrition specialist,MISSPELLED,SHORT
퀵 오트밀은 이유식에 어떻게 사용되나요?,"오트밀은 이유식 재료로 사용할 수 있으며, 초기에는 퀵 오트밀(입자가 곱고 퍼지는 제품)을 사용하고, 중기·후기에는 롤드오트나 스틸컷 오트를 사용해 질감을 조절하시면 좋습니다.",https://www.youtube.com/watch?v=rRFmPPSZILA,a pediatric nutrition expert,MISSPELLED,MEDIUM
바이러스성 장염이 아이의 설사에 미치는 영향은 무엇인가요?,"아이들의 설사는 바이러스성 장염인 경우가 흔하며, 이는 장에 문제가 생겼을 때 장 속의 나쁜 것을 빨리 배출하기 위한 반응입니다. 설사 자체는 병으로부터 우리 몸을 지키는 역할을 하기도 하며, 가벼운 설사일 때는 기다려 볼 수 있지만 심한 경우에는 소아청소년과에서 진료를 받는 것이 좋습니다.",https://www.youtube.com/watch?v=w8BucI0wZYE,a pediatric nutrition expert,PERFECT_GRAMMAR,SHORT
"인터넷에서 하루 1000cc만 넘지 않으면 괜찮다고 하는데, 이게 맞는 건가요?","하루 1000ml만 넘지 않으면 괜찮다는 이야기는 잘못된 정보입니다. 실제로는 700ml만 먹어도 문제가 될 수 있으며, 이유식을 충분히 먹는 아이라면 하루 500~600ml만으로도 충분한 경우가 있습니다. 따라서 아기가 스스로 먹는 만큼 먹게 하는 것이 중요하며, 하루 1000ml가 과잉이 될 수 있습니다.",https://www.youtube.com/watch?v=08B0VqzITbU,a pediatrician,POOR_GRAMMAR,MEDIUM
이유식 시작하면 아기 분유 얼마나 먹어야 해?,"이유식은 만 6개월에 시작하면 되고, 하루 수유량은 일반적으로 500~600ml 정도가 권장됩니다. 이유식을 시작하면서 수유량이 줄 수 있지만, 모유나 분유는 아기에게 중요한 영양원이므로 적당량을 먹는 것이 중요합니다.",https://www.youtube.com/watch?v=0J6dh_a0I9I,a child nutrition specialist,POOR_GRAMMAR,SHORT
모유수유 후 젖을 짜지 않아야 하는 이유는 무엇인가요?,"모유수유 후 젖을 짜지 않는 것이 기본이며, 특별한 이유가 없다면 수유 후 젖을 짜는 습관은 번거롭고 시간이 더 들 뿐 아니라 유즙 분비가 과도하게 늘어나 전유·후유의 불균형이나 유방 울혈 같은 문제가 생길 수 있습니다. 반복적으로 젖을 짜면 오히려 모유수유가 어려워질 수 있습니다. 아기가 젖을 다 먹지 못하는 경우에는 잠들지 않게 하고 충분히 먹이는 것이 중요하며, 젖이 많이 나와 아기가 충분히 먹고도 남는다면 분비량은 저절로 조절됩니다. 모유가 부족하다고 진단된 경우에는 수유 후 양쪽 유방을 충분히 비운 뒤 빈 젖을 유축해 수유량을 늘릴 수 있습니다.",https://www.youtube.com/watch?v=I_-qFYAAMNk,a pediatrician,PERFECT_GRAMMAR,LONG
대장암 예방에 현미와 잡곡이 어떻게 도움이 되나요?,"현미·잡곡 섭취는 심장병, 뇌졸중, 제2형 당뇨병 등 만성질환 예방과 대장암 위험 감소에도 도움이 됩니다.",https://www.youtube.com/watch?v=4lmWRrx5kIQ,a pediatric nutrition expert,POOR_GRAMMAR,MEDIUM
모유의 장점은 무엇인가요?,모유가 가장 좋기 때문에 특별히 필요한 경우가 아니라면 분유를 자주 바꾸는 것은 권장하지 않습니다.,https://www.youtube.com/watch?v=N7wsFEKAUB0,a pediatric nutrition expert,PERFECT_GRAMMAR,SHORT
소아청소년의 변비 예방을 위해 과일은 어떤 역할을 하나요?,과일은 섬유질이 풍부하여 변비 예방에 도움이 됩니다. 그러나 당도가 높은 과일은 체중이 많이 나가는 아이에게는 너무 많이 주지 않도록 주의해야 합니다.,https://www.youtube.com/watch?v=28FfLPP_1MI,a pediatric nutrition expert,PERFECT_GRAMMAR,MEDIUM
2006년 세계보건기구에서 발표한 성장표는 아기의 먹는 양을 평가하는 데 어떤 기준을 제공하나요?,"2006년 세계보건기구에서 발표한 성장표는 아기의 체중 증가를 평가하는 기준으로 사용되며, 이 표는 전 세계적으로 표준으로 채택되어 있습니다. 아기의 체중이 적당히 늘고 있다면 현재 주는 양은 적당한 것이고, 체중이 잘 늘지 않으면 먹이는 양이 부족한 것으로 판단할 수 있습니다.",https://www.youtube.com/watch?v=1Xcmuwr0Cnw,a pediatrician,WEB_SEARCH_LIKE,LONG
2006년 세계보건기구 성장표는 아기 먹는 양 평가에 왜 중요해?,"2006년 세계보건기구에서 발표한 성장표는 아기의 체중을 평가하는 기준으로 사용되며, 전 세계적으로 표준으로 인정받고 있습니다. 이 표를 따르는 것이 아기의 먹는 양의 적정성을 판단하는 데 도움이 됩니다.",https://www.youtube.com/watch?v=1Xcmuwr0Cnw,a pediatrician,POOR_GRAMMAR,SHORT
소아청소년과에서 아기 수유에 대해 어떻게 생각하나요? 3시간마다 먹이는 것이 맞는지?,"소아청소년과 전문의는 아기 수유에 대해 시간 맞춰서 먹이는 것은 잘못된 내용이라고 강조합니다. 유니세프 등 전문가들이 권장하는 것은 'on demand', 즉 필요할 때 먹이라는 것입니다. 아기가 배고파서 먹고 싶어할 때 마음껏 먹이는 것이 중요하며, 이렇게 하면 아기들은 자연스럽게 일정한 간격으로 먹게 됩니다.",https://www.youtube.com/watch?v=5eQNbxxhzP4,a pediatric nutrition expert,POOR_GRAMMAR,LONG
아기에게 분유를 주는 시점과 요거트 급여에 대한 주의사항은 무엇인가요?,"아기는 만 6개월에 이유식을 시작하므로 이 시점에 적당한 시기에 요거트를 시작할 수 있습니다. 요거트를 먹이기 전에 쌀죽과 채소·과일 등을 먼저 익숙해지게 하는 것이 좋습니다. 또한, 우유나 분유 알레르기가 있는 아기는 요거트를 피하는 것이 원칙이며, 유당불내증이 있는 아기는 증상이 있으면 중단해야 합니다.",https://www.youtube.com/watch?v=XP4Y8nNvdDA,a pediatrician,MISSPELLED,LONG
가정교육에서 아침식사의 중요성은 무엇인가요?,"가정교육에서 아침식사는 아이들이 하루를 활기차게 시작하고, 혈당을 유지하며 집중력을 높이는 데 매우 중요합니다. 아침을 거르면 혈당이 떨어져 기운이 없어지고, 이는 학교에서의 집중력 저하와 관련이 있습니다. 또한, 규칙적인 식사는 생체 리듬을 지키는 데 도움을 주며, 가족과의 대화 시간을 통해 가정교육의 일환으로 중요한 역할을 합니다.",https://www.youtube.com/watch?v=w8JmykDg9tM,a pediatrician,WEB_SEARCH_LIKE,MEDIUM
소아청소년과에서 변비 치료를 위해 어떤 조치를 취해야 하나요?,"변비가 심하지 않으면 생활습관 개선과 식이요법으로 좋아지는 경우가 많습니다. 그러나 배변 시 아이가 힘들어하거나 변비가 오래 지속되거나 통증이 심하거나 변에 피가 섞여 나오면 소아청소년과 진료를 받으세요. 변비의 원인이 있으면 그 원인에 대한 치료가 필요하며, 대부분의 아이는 특별한 질환에 의한 경우가 드뭅니다. 채소 섭취, 충분한 수분 섭취, 운동 등 일반적인 예방법을 치료와 함께 병행해야 합니다.",https://www.youtube.com/watch?v=28FfLPP_1MI,a child nutrition specialist,WEB_SEARCH_LIKE,LONG
피틴산이 아기와 유아의 식단에 미치는 영향은 무엇인가요?,"피틴산은 현미와 잡곡에 포함되어 있으며, 비소와 함께 두 돌 아이에게 거론되는 문제입니다. 그러나 피틴산의 함량은 현미를 여러 번 헹구고 충분히 불린 뒤 조리함으로써 줄일 수 있습니다. 이는 아기와 유아의 건강한 식단을 유지하는 데 도움이 됩니다.",https://www.youtube.com/watch?v=4lmWRrx5kIQ,a pediatrician,PERFECT_GRAMMAR,MEDIUM
까망베르 치즈를 어린아이에게 주면 안 되는 이유는 무엇인가요?,까망베르와 같은 연성 치즈는 멸균 처리되지 않은 경우가 많아 면역력이 약한 어린아이에게 주면 리스테리아균이나 장내 세균 등에 의한 감염으로 심각한 병이 생길 수 있으니 주의해야 합니다.,https://www.youtube.com/watch?v=OB2vXyWDriQ,a pediatric nutrition expert,MISSPELLED,MEDIUM
소아청소년과에서 설사하는 아이를 어떻게 돌봐야 하나요?,"설사하는 아이를 돌볼 때는 특히 음식 섭취에 신경을 써야 합니다. 예전에는 설사할 때 굶기거나 흰죽만 먹이는 경우도 있었지만, 이제는 원래 먹던 음식을 대부분 그대로 먹여도 됩니다. 다만 차고 달고 기름진 음식은 피하는 것이 좋습니다. 설사가 심해 심하게 탈수가 된 경우에는 급성기인 반나절 정도는 죽 같은 유동식만 먹이기도 하지만, 탈수가 좋아지면 원래 먹던 음식으로 빨리 돌아가는 것이 좋습니다. 성장기 아이들은 설사가 오래가면 장기간 음식 섭취가 부족해 성장 발달에 문제가 생길 수 있으므로 주의해야 합니다. 또한, 설사가 심하고 구토를 동반하거나 열이 높거나 복통이 심한 경우에는 소아청소년과에서 빨리 진료를 받는 것이 좋습니다.",https://www.youtube.com/watch?v=w8BucI0wZYE,a child nutrition specialist,WEB_SEARCH_LIKE,MEDIUM
토마토는 아기에게 언제 먹여도 괜찮은가요?,"예전에는 토마토를 돌 전에는 주지 말라고 했으나, 최근 연구에 따르면 음식을 늦게 시작하면 오히려 알레르기가 증가할 수 있음이 밝혀져 권고가 바뀌었습니다. 따라서 토마토도 아기에게 적절한 시기에 먹일 수 있습니다.",https://www.youtube.com/watch?v=yvy-PRKF5GQ,a pediatric nutrition expert,WEB_SEARCH_LIKE,SHORT
"소아청소년과 전문의로서, 아기가 하루에 이유식을 500~600g 정도 먹는 것이 적당하다는 기준에 대해 어떻게 설명하시겠습니까?","하루 이유식 섭취량이 500~600g 정도면 양에는 문제가 없다고 할 수 있습니다. 몸무게가 정상적으로 자라고 있다면 아기가 이유식을 적당히 먹고 있는 것입니다. 특히 6개월 아기가 하루 3번 이유식을 먹더라도 총량이 500~600g이라면 크게 걱정할 필요는 없습니다. 이유식 양을 고려할 때는 수유량을 먼저 확인하는 것이 좋으며, 수유량이 하루 500g 이상이면 아기가 원하는 만큼 이유식을 먹여도 됩니다.",https://www.youtube.com/watch?v=ZnfIY5F1UR4,a pediatrician,PERFECT_GRAMMAR,LONG
WHO의 기준에 따라 3세 미만 아동의 체중을 평가할 때 주의해야 할 점은 무엇인가요?,"2017년 12월에 3세 미만 아동의 우리나라 기준이 세계보건기구(WHO) 기준으로 바뀌었으므로 새로 개정된 기준을 사용해야 합니다. 즉, 2018년 이전에 나온 육아책의 기준과는 다르니 주의해야 합니다.",https://www.youtube.com/watch?v=E7ZFsbXohx0,a pediatric nutrition expert,MISSPELLED,LONG
아이에게 멸균우유를 먹이는 것이 적절한 상황은 어떤 경우인가요?,"멸균우유는 냉장 보관이 어려운 경우에만 사용하는 것이 바람직합니다. 예를 들어, 냉장고가 없거나 외출 시 냉장된 우유를 구하기 어려운 경우에 멸균우유를 대신 사용할 수 있습니다.",https://www.youtube.com/watch?v=GKgb8i7B0E4,a child nutrition specialist,WEB_SEARCH_LIKE,LONG
아이들에게 MSG 사용이 왜 권장되지 않나요?,"아이들에게 MSG 사용이 권장되지 않는 이유는 MSG가 음식 맛을 지나치게 강하게 만들어 아이들이 MSG가 들어간 음식에만 익숙해지거나 그렇지 않은 음식을 잘 먹지 않게 될 수 있기 때문입니다. 이로 인해 식습관이 나빠지고 다양한 맛을 경험하며 발달해야 할 미각이 제대로 발달하지 않을 위험이 있습니다. 미각 발달은 두뇌 발달과도 연관이 있어, 특히 영유아기에는 더욱 주의해야 합니다.",https://www.youtube.com/watch?v=anQztIwRJ7o,a pediatrician,WEB_SEARCH_LIKE,SHORT
쌀에 비소가 많다고 쌀밥 먹지 말고 쌀이유식 하지 말까요?,"우리나라 쌀은 비소 함량이 낮아 쌀을 먹는 것이 당장 심각한 문제는 아닙니다. 그러나 장기적인 건강을 위해 비소 수치를 줄이는 것이 좋습니다. 이유식 초기부터 잡곡 비율을 높이는 것이 권장되며, 쌀을 물에 불리고 헹군 다음 밥을 짓는 것이 좋습니다. 아기 이유식에 관해서는 쌀로 이유식을 만들어도 '쌀 이유식을 절대 먹이지 말라'고 할 근거는 없습니다.",https://www.youtube.com/watch?v=mYABC4UAeEU,a pediatrician,MISSPELLED,SHORT
저지방우유가 아이들한테 왜 좋은지 설명해줄 수 있어요? 그리고 부모님들이 왜 걱정하는지 궁금해요.,"저지방 우유는 성인병 예방을 위해 권장되며, 체중이 많은 경우 더욱 좋습니다. 부모님들은 '우리 아이가 비만도 아닌데 왜 저지방 우유를 먹여야 하느냐'고 반문하거나, '저지방 우유를 먹이면 키가 크지 않을까' 걱정하는 경우가 많습니다. 하지만 두 살 미만의 아이들에게는 지방이 두뇌 발달에 중요하므로 전지 우유를 권장하고, 두 살 이후에는 저지방이나 무지방 우유로 바꾸는 것이 좋습니다. 저지방 우유는 당뇨병 같은 대사질환이나 일부 암 발생 위험을 줄이는 장점도 있습니다.",https://www.youtube.com/watch?v=-LqEr-PlCz0&list=PLC6Msm1YCNw8LtglWOviWSMVd-33S_WHM,a pediatrician,POOR_GRAMMAR,LONG
소아청소년과 의사의 진료를 받는 것이 중요한 이유는 무엇인가요?,"소아청소년과 의사의 진료를 받는 것이 중요한 이유는 체중이 단기간에 너무 빠르게 늘거나 너무 느리게 늘어나는 경우, 과식이나 영양 부족 등의 문제가 없는지 확인해야 하기 때문입니다. 또한, 체중 백분위가 갑자기 크게 떨어지면 영양 공급 부족으로 신체 성장이나 두뇌 발달에 문제가 생길 수 있으므로 특히 주의해야 하며, 체중이 실제로 줄어드는 경우에는 바로 진료를 받는 것이 안전합니다.",https://www.youtube.com/watch?v=bs1XLiIi9lM,a pediatric nutrition expert,PERFECT_GRAMMAR,MEDIUM
삐뽀삐뽀119소아과에서 아기의 몸무게 증가를 위해 분유를 두 돌까지 먹이는 것이 좋은지에 대한 의견은 무엇인가요?,"삐뽀삐뽀119소아과의 전문의는 아기의 몸무게가 잘 늘지 않는다고 해서 분유를 두 돌까지 먹이는 것이 필요하지 않다고 설명합니다. 몸무게가 적다는 이유만으로 분유를 더 오래 먹이는 것은 기준이 되지 않으며, 분유는 기본적으로 돌까지 먹이는 것이 좋고, 돌이 지나면 서서히 줄여 다른 음식이나 우유로 바꿔 주는 것이 중요합니다.",https://www.youtube.com/watch?v=eGD1vhqSmpk,a pediatric nutrition expert,MISSPELLED,MEDIUM
"고등어 같은 등푸른 생선이 이유식에 좋다고 하는데, 그 이유는 오메가-3 지방산 때문인가요? 그리고 아기한테 어떻게 먹여야 하나요?","등푸른 생선인 고등어는 오메가-3 지방산 등 중요한 영양소가 풍부한 아주 좋은 음식입니다. 이유식 초기나 중기에 고등어를 먹여도 아기에게 문제가 없다면 괜찮습니다. 하지만 고등어는 알레르기가 잘 생길 수 있으므로 처음 먹일 때는 알레르기 증상이 나타나는지 3일 정도 관찰하는 것이 좋습니다. 또한, 수은 농도가 낮은 지역에서 잡힌 고등어를 선택하고, 간이 되지 않은 고등어를 사용하는 것이 안전합니다.",https://www.youtube.com/watch?v=bMJcxCs5eL4,a child nutrition specialist,POOR_GRAMMAR,LONG
9개월 아기에게 우유병을 언제 끊는 것이 좋나요?,일반적으로 권장되는 지침은 돌이 지나면 우유병을 끊는 것입니다. 그러나 9개월부터 컵으로 분유를 잘 먹는 경우에는 우유병을 끊고 컵으로 수유해도 됩니다. 만약 아기가 컵으로 분유를 잘 먹고 부모가 컵 수유에 특별한 어려움이 없다면 더 빨리 우유병을 끊어도 문제가 되지 않습니다.,https://www.youtube.com/watch?v=lWCLgbxf1Kk,a pediatrician,WEB_SEARCH_LIKE,MEDIUM
아침식사가 아이들의 혈당에 미치는 영향은 무엇인가요?,"아침을 먹지 않는 아이들은 밤새 비축한 것이 없는 상태에서 혈당이 떨어져 기운이 없어집니다. 특히 성장기 아이들은 성인보다 3배 이상의 에너지를 사용하기 때문에 아침을 거르면 혈당 저하로 학교에서 집중하거나 공부하는 능률이 떨어집니다. 혈당이 떨어지면 짜증이 나고 참을성이 없어져 다툼이 잦아지며, 필요한 에너지가 없을 때는 몸이 저장된 에너지를 사용하고, 심한 경우 단백질을 분해해 에너지로 쓰기도 하여 성장에 문제가 될 수 있습니다.",https://www.youtube.com/watch?v=w8JmykDg9tM,a child nutrition specialist,PERFECT_GRAMMAR,LONG
토마토를 이유식에 도입하는 적절한 시기는 언제인가요?,"토마토는 돌 전에 시도하는 것이 권장되며, 이는 알레르기 발생을 줄이기 위한 지침의 일환입니다.",https://www.youtube.com/watch?v=HMM_IdFEOg4,a pediatric nutrition expert,WEB_SEARCH_LIKE,LONG
전기 포트로 분유를 타는 것이 왜 좋지 않은지 설명해 줄 수 있나요?,"전기 포트는 끓으면 자동으로 전원이 차단되어 충분히 오래 끓이지 못할 수 있기 때문에 분유를 타는 데 적합하지 않습니다. 또한, 정수기에서 나오는 뜨거운 물은 2분 이상 끓인 물이 아니므로 사용하지 않는 것이 좋습니다.",https://www.youtube.com/watch?v=sLDedsQBmDU,a pediatric nutrition expert,POOR_GRAMMAR,LONG
아기가 스스로 먹는 리듬을 찾지 못할 경우 의사 진료를 받는 이유는 무엇인가요?,아기가 스스로 먹는 리듬을 찾지 못하면 의사 진료를 받아 체중과 수유 상태를 확인하는 것이 필요합니다.,https://www.youtube.com/watch?v=S0TvLFeHwyk,a pediatric nutrition expert,WEB_SEARCH_LIKE,SHORT
어린이용 우유는 돌 지난 아기에게 어떤 역할을 하나요?,"어린이용 우유는 돌 지난 아기에게 가공된 우유보다 일반 전지 우유를 권장하며, 영양소가 첨가된 제품은 꼭 필요한 것은 아닙니다. 이러한 제품을 많이 먹이면 밥을 덜 먹게 될 수 있으니 주의해야 합니다. 하루 권장 섭취량은 돌 지난 아기에게 약 400~500ml 정도이며, 2세 전후에는 약 400ml 정도가 적당합니다.",https://www.youtube.com/watch?v=lshTgFOyl3Y,a child nutrition specialist,PERFECT_GRAMMAR,MEDIUM
제왕절개 후 아기에게 모유수유를 어떻게 시작해야 하나요?,제왕절개인 경우에도 가능한 한 빨리 젖을 물리는 것이 원칙입니다. 태어난 지 30분에서 1시간 이내에 첫 수유를 시작하는 것이 좋습니다.,https://www.youtube.com/watch?v=EEFXM4m3ZXg,a pediatrician,MISSPELLED,SHORT
소아 영양학에서 알레르기를 예방하기 위해 이유식을 시작하는 최적의 시기는 언제인가요?,"알레르기 예방을 위해서는 가능한 빨리 먹어도 해롭지 않은 음식을 시작하는 것이 좋습니다. 최근 연구에 따르면, 이유식은 만 6개월에 시작하는 것이 권장되며, 너무 늦게 시작하지 않도록 주의해야 합니다.",https://www.youtube.com/watch?v=CQdglgCCIHo,a pediatric nutrition expert,PERFECT_GRAMMAR,LONG
2017년 성장표에 대해 아이의 체중 증가를 어떻게 평가해야 하나요?,"체중을 평가할 때는 최신 성장표를 기준으로 해야 하며, 우리나라는 2017년 말 성장표를 개정해 2018년부터 사용하고 있습니다. 이전 성장표와 비교하면 특히 영아의 체중에서 몇백그램에서 1kg 가까이 차이가 날 수 있어 실제로는 체중이 잘 늘고 있어도 예전 성장표로 보면 성장하지 않는 것처럼 보일 수 있습니다. 따라서 항상 최신 성장표를 사용해야 합니다.",https://www.youtube.com/watch?v=YPDyVT40488,a child nutrition specialist,MISSPELLED,MEDIUM
소아청소년과 전문의가 수유 방식을 아기가 스스로 배고플 때 먹도록 바꾸는 것에 대해 어떤 주의점을 강조하나요?,"소아청소년과 전문의는 수유 방식을 아기가 스스로 배고플 때 먹도록 바꾸는 것이 단순히 수유 시간만 고치는 것으로 해결되지 않는다고 강조합니다. 특히 기존에 일정한 간격으로 먹이던 아기를 바꾸는 것은 복잡하며, 신생아 때부터 24시간 수시로 먹도록 키우는 것이 수월하다고 설명합니다. 또한, 아기의 체중 증가를 확인하고, 젖병 수유와 관련된 문제는 생후 초기에 해결하는 것이 중요하다고 언급합니다. 문제가 발생할 경우 아기 나이와 상태, 밤중 수유 여부, 이유식 시작 시기 등을 고려해야 하며, 주기적으로 체중을 확인하고 소아과 의사의 진료를 받는 것이 필요할 수 있습니다.",https://www.youtube.com/watch?v=Yqtx1U_EiPE,a child nutrition specialist,WEB_SEARCH_LIKE,MEDIUM
소아 영양에서 채소의 중요성은 무엇인가요?,"채소는 건강한 식습관을 기르는 데 매우 중요합니다. 과일보다 채소를 더 많이 먹이는 것이 좋으며, 채소는 다양한 비타민과 미네랄을 제공하여 아이들의 성장과 발달에 기여합니다.",https://www.youtube.com/watch?v=v43KzkQWXik,a pediatric nutrition expert,WEB_SEARCH_LIKE,SHORT
소아청소년과에서 아이의 식사 문제를 어떻게 해결할 수 있나요?,"소아청소년과에서 아이의 식사 문제를 해결하기 위해서는 먼저 잘 먹지 않게 하는 질병이 없는지 확인해야 합니다. 특히 빈혈 같은 질환이 있으면 식욕이 돌아오지 않을 수 있으므로 치료가 필요합니다. 또한, 아이가 잘 먹지 않는다고 억지로 먹이지 말고, 부모가 언제·어디서·어떤 음식을 줄지는 정하고, 아이가 어떤 음식을 얼마나 먹는지는 스스로 결정하도록 내버려 두는 것이 중요합니다.",https://www.youtube.com/watch?v=E7ZFsbXohx0,a child nutrition specialist,PERFECT_GRAMMAR,SHORT
조를 이유식에 어떻게 활용할 수 있나요?,"조는 이유식에 사용할 수 있는 잡곡 중 하나로, 흰쌀죽과 50:50 비율로 섞어 주는 방법이 권장됩니다. 초기 이유식부터 잡곡을 약 50% 정도 섞어 주면 무난하며, 조는 귀리, 보리, 퀴노아와 함께 섞어 사용할 수 있습니다.",https://www.youtube.com/watch?v=9qhxKhgPQG4,a pediatric nutrition expert,WEB_SEARCH_LIKE,MEDIUM
비타민이 과일에 왜 중요한가요?,"과일에는 우리 몸에 필요한 다양한 비타민과 섬유질이 풍부하고, 칼륨·마그네슘·항산화 물질 등이 들어 있어 면역 기능을 향상시키고 질병을 예방하는 데 도움이 됩니다.",https://www.youtube.com/watch?v=v43KzkQWXik,a child nutrition specialist,MISSPELLED,SHORT
산후조리원에서 모유수유를 잘하기 위해서는 무엇을 준비해야 하나요?,"산후조리원에 가면 어떻게든 되겠지라고 막연히 생각하면 모유수유가 어렵게 됩니다. 모유수유를 하려면 출산 전에 미리 공부해 준비하는 것이 필요합니다. 또한, 신생아에게 모유수유를 제대로 하려면 모자동실이 가장 중요하며, 첫 한 달 동안은 엄마와 아기가 24시간 같은 방에서 함께 있는 것이 모유수유에 큰 도움이 됩니다.",https://www.youtube.com/watch?v=EEFXM4m3ZXg,a pediatric nutrition expert,MISSPELLED,MEDIUM
하정우는 모유수유에 대해 뭐라고 해?,"하정우는 모유수유를 직접 젖을 물려 먹이는 것이 최고라고 강조하며, 아기가 젖을 물지 않는다고 해서 유축으로만 먹이는 상황이 되지 않도록 하는 것이 중요하다고 말합니다. 그는 유축한 모유로만 먹이지 않는 것이 좋으며, 신생아 때부터 직접 젖을 물리려는 마음을 확실히 해야 한다고 조언합니다.",https://www.youtube.com/watch?v=xI7N8bcy9yo,a pediatrician,POOR_GRAMMAR,SHORT
전지 우유는 돌 지난 아기한테 어떻게 줘야 해?,"돌 지난 아기에게는 가공된 어린이용 우유보다 일반 전지 우유를 권장합니다. 영양소가 첨가된 제품은 꼭 필요한 것은 아니며, 이런 제품을 많이 먹이면 밥을 덜 먹게 될 수 있으니 주의해야 합니다.",https://www.youtube.com/watch?v=lshTgFOyl3Y,a pediatric nutrition expert,POOR_GRAMMAR,SHORT
소아청소년과 전문의로서 롤드오트를 이유식에 포함시키는 것이 아기에게 어떤 이점을 제공할 수 있나요?,"롤드오트는 이유식 재료로 사용할 수 있으며, 중기·후기에는 롤드오트나 스틸컷 오트를 사용해 질감을 조절하는 것이 좋습니다. 이는 아기에게 다양한 식감과 영양을 제공할 수 있습니다.",https://www.youtube.com/watch?v=rRFmPPSZILA,a pediatrician,WEB_SEARCH_LIKE,LONG
일반 우유는 아이에게 언제부터 먹이는 것이 좋나요?,돌이 지나면 분유를 먹던 아기는 분유에서 일반 우유로 바꾸는 것이 권장됩니다.,https://www.youtube.com/watch?v=GKgb8i7B0E4,a pediatrician,WEB_SEARCH_LIKE,SHORT
분유를 먹는 아기가 이유식을 시작하는 적절한 시기는 언제인가요?,최근 연구와 전문가들은 분유를 먹는 아기도 일반적으로 만 6개월에 이유식을 시작하는 것을 권장하고 있습니다.,https://www.youtube.com/watch?v=CQdglgCCIHo,a pediatric nutrition expert,WEB_SEARCH_LIKE,SHORT
공공장소에서 아이가 식사 중 자리를 떠나지 않도록 어떻게 가르쳐야 하나요?,"공공장소에서 아이가 식사 중 자리를 떠나지 않도록 하려면, 어린 시절부터 상황에 맞는 행동을 가르쳐야 합니다. 부모는 '식사 중 자리를 떠나면 식사는 끝'이라는 원칙을 행동으로 보여줘야 하며, 아이가 자리를 일으키면 그 식사는 끝난 것으로 받아들이고 평온하게 일상으로 돌아가야 합니다. 또한, 부모가 단호하게 규칙을 지키면 아이들이 한자리에 앉아 식사하는 것이 더 쉬워집니다.",https://www.youtube.com/watch?v=tEuimZqaiUE,a pediatrician,POOR_GRAMMAR,LONG
소아청소년과에서 쌀 비소 문제 어떻게 생각해?,"소아청소년과 전문의로서, 우리나라 쌀은 비소 함량이 낮아 당장 큰 문제가 되지는 않지만, 장기적인 건강을 위해 비소 수치를 줄이는 것이 좋다고 말씀드립니다. 이유식 초기부터 잡곡을 섞어 비소 섭취를 줄이는 것이 권장됩니다.",https://www.youtube.com/watch?v=mYABC4UAeEU,a pediatrician,POOR_GRAMMAR,SHORT
"전지 우유는 돌 지난 아기에게 어떻게 먹여야 하는지, 그리고 얼마나 먹여야 하는지에 대해 설명해 줄 수 있나요?","돌 지난 아기에게는 가공된 어린이용 우유보다 일반 전지 우유를 권장합니다. 영양소가 첨가된 제품은 꼭 필요한 것은 아니며, 이런 제품을 많이 먹이면 밥을 덜 먹게 될 수 있으니 주의해야 합니다. 하루 권장 섭취량은 돌 지난 아기에게 약 400~500ml 정도이며, 2세 전후에는 약 400ml 정도가 적당합니다.",https://www.youtube.com/watch?v=lshTgFOyl3Y,a pediatric nutrition expert,POOR_GRAMMAR,LONG
하버드대에서 우유에 대해 뭐라고 했어?,"하버드대 공식 홈페이지에도 우유의 장점이 소개되어 있으며, 다만 일반 우유 대신 저지방·무지방 우유를 권한다고 되어 있습니다.",https://www.youtube.com/watch?v=-LqEr-PlCz0&list=PLC6Msm1YCNw8LtglWOviWSMVd-33S_WHM,a pediatrician,MISSPELLED,SHORT
분유수유에 대해 알아야 할 중요한 점은 무엇인가요?,"분유수유의 경우 아기에게 맡기면서 한 번에 충분히 먹이고 배가 부를 때까지 기다려 주는 것이 중요합니다. 그러나 분유는 병으로 쉽게 나오기 때문에 아이가 노력하지 않아도 쉽게 먹을 수 있어 부모가 아기 상태를 제대로 파악하지 못하면 필요 이상으로 먹을 수 있으니 주의해야 합니다. 또한, 일정한 간격으로 먹이던 아기를 맡길 때는 초보 부모가 아기의 상태를 놓치기 쉬워 더 주의가 필요합니다.",https://www.youtube.com/watch?v=Yqtx1U_EiPE,a child nutrition specialist,MISSPELLED,SHORT
부모가 아이의 식습관을 개선하기 위해 어떤 규칙을 세워야 하나요?,"부모는 식사 시간이 지나면 음식을 치우고, 아이가 배가 고프면 결국 먹게 된다는 것을 가르쳐야 합니다. 식사 시간과 간식 시간 외에는 반드시 부모의 허락을 받고 먹는다는 규칙을 정해 일관되게 지켜야 하며, 간식은 평소 주는 양만 주되 더 달라고 해도 더 주지 않아야 합니다.",https://www.youtube.com/watch?v=w5s5Y76ilcA,a pediatrician,WEB_SEARCH_LIKE,SHORT
모유수유와 비만의 관계는 무엇인가요?,"모유수유를 하더라도 비만이 생길 수 있습니다. 비만은 섭취한 칼로리가 소비한 칼로리보다 많을 때 발생하며, 모유수유가 아이들에게 비만을 덜 유발하는 것은 사실이지만, 모유만 먹인다고 해서 안심할 수는 없습니다. 수유 패턴이 잘못되면 아기가 과다섭취하여 체중이 증가할 수 있습니다.",https://www.youtube.com/watch?v=wvLDAfKCce4,a pediatric nutrition expert,MISSPELLED,SHORT
신생아를 먹일 때 부모가 알아야 할 중요한 점은 무엇인가요?,"신생아를 먹일 때는 시간을 엄격히 정해 억지로 먹이거나 먹는 양을 지나치게 재지 말고, 아기가 배고파할 때 마음껏 먹게 해주는 것이 중요합니다. 아기가 스스로 먹게 할 때는 기본적으로 신생아 시기부터 이러한 방식을 시작하면 더 잘 정착됩니다. 부모는 아기가 젖을 제대로 물고 있는지, 수유 패턴에 문제가 없는지 중간중간 확인해야 하며, 생후 1~2개월이 지나면 한 번에 먹는 양이 늘고 규칙적인 간격이 생깁니다. 또한, 아기가 배고플 때 먹게 하면서 스스로 먹는 양을 조절할 기회를 주되, 주기적으로 평가해 잘되지 않는 점은 고쳐주는 부모의 노력이 필요합니다.",https://www.youtube.com/watch?v=QLlu_Zmr9wQ,a pediatrician,MISSPELLED,LONG
하루 천을 넘지 않게 주의하라는 말은 무슨 뜻인가요?,"'하루 천'이라는 표현은 아기가 하루에 1,000ml 이상 먹는 경우, 너무 많이 먹을 확률이 높으니 아이가 제대로 잘 먹고 성장하고 있는지를 확인하라는 의미로 받아들여야 합니다. 아기가 스스로 먹는 만큼 먹게 하는 것이 원칙이며, 이를 확인하는 기본적인 지표는 출생 시 몸무게와 현재 몸무게의 백분위를 비교하여 정상적으로 성장하고 있는지를 보는 것입니다.",https://www.youtube.com/watch?v=08B0VqzITbU,a pediatric nutrition expert,MISSPELLED,MEDIUM
아기 체중 증가 어떻게 판단해요?,"아기의 체중 증가는 부모들이 특히 신경 쓰는 문제입니다. 아기는 자라면서 체중이 늘어나며, 출생 시 체중이 기준이 됩니다. 출생 체중이 큰 아기는 체중이 비교적 빨리 늘고, 작게 태어난 아기는 느리게 늘어나는 것이 일반적입니다. 체중 증가를 평가하는 기준표는 2006년에 만들어졌으며, 우리나라도 2017년 12월부터 3세 미만 아이들에게 이 기준을 적용하도록 바뀌었습니다. 아기가 스스로 체중을 조절하는 능력을 기르려면 신생아 시기부터 부모가 아기와 함께 생활하며 같은 방에서 많은 시간을 보내는 것이 중요합니다.",https://www.youtube.com/watch?v=bs1XLiIi9lM,a pediatric nutrition expert,POOR_GRAMMAR,MEDIUM
2018년부터 사용된 성장표가 아이의 체중 증가에 어떤 영향을 미치나요?,2018년부터 사용된 성장표는 이전 성장표와 비교할 때 특히 영아의 체중에서 몇백그램에서 1kg 가까이 차이가 날 수 있습니다. 이로 인해 실제로는 체중이 잘 늘고 있어도 예전 성장표로 보면 성장하지 않는 것처럼 보일 수 있습니다. 따라서 항상 최신 성장표를 사용해야 합니다.,https://www.youtube.com/watch?v=YPDyVT40488,a child nutrition specialist,POOR_GRAMMAR,LONG
영아가 분유를 먹을 때 변을 보지 않는 경우는 어떤가요?,"영아의 경우 분유를 먹는 아기는 하루 이상 변을 보지 않는 경우가 흔하고, 모유 수유 아기도 생후 한 달 이후 가끔 며칠에서 일주일가량 배변을 하지 않을 수 있습니다. 아기가 잘 먹고 잘 놀며 크게 힘들어하지 않으면 정상입니다.",https://www.youtube.com/watch?v=28FfLPP_1MI,a child nutrition specialist,MISSPELLED,MEDIUM
바이러스성 장염에 걸린 아이를 어떻게 돌봐야 하나요?,"바이러스성 장염에 걸린 아이를 돌볼 때는 음식 섭취에 특히 신경을 써야 합니다. 예전에는 설사할 때 굶기거나 흰죽만 먹이는 경우도 있었지만, 이제는 원래 먹던 음식을 대부분 그대로 먹여도 됩니다. 다만 차고 달고 기름진 음식은 피하는 것이 좋습니다. 설사가 심해 심하게 탈수가 된 경우에는 급성기인 반나절 정도는 죽 같은 유동식만 먹이기도 하지만, 탈수가 좋아지면 원래 먹던 음식으로 빨리 돌아가는 것이 좋습니다. 또한, 설사가 오래가면 장기간 음식 섭취가 부족해 성장 발달에 문제가 생길 수 있으므로 주의해야 합니다. 탈수 증상이 나타나면 즉시 소아청소년과 진료를 받는 것이 중요합니다.",https://www.youtube.com/watch?v=w8BucI0wZYE,a child nutrition specialist,WEB_SEARCH_LIKE,LONG
소아청소년과에서 이유식에 잡곡과 현미를 섞어 주는 것이 왜 중요한가요? 그리고 어떻게 시작해야 하나요?,"소아청소년과 전문의 화정입니다. 이유식 초기부터 잡곡이나 현미 같은 통곡식을 섞어 주는 것이 좋습니다. 잡곡과 현미는 영양소와 식이섬유가 풍부해 당뇨 등 만성질환 예방에 도움을 줍니다. 처음에는 10~20% 정도로 시작하고, 아이가 잘 먹으면 중기·후기에는 50% 이상까지 섞어도 됩니다. 다만, 두 돌 이전에는 100% 잡곡만으로 이유식을 만들지 않는 것이 좋습니다. 잡곡은 쌀을 제외한 곡물이고, 통곡식은 도정하지 않은 현미 등을 포함합니다. 따라서 흰쌀과 적절히 섞는 것이 중요합니다. 식습관은 어릴 때부터 형성되므로, 이유식 단계부터 잡곡과 통곡식을 충분히 섭취하는 건강한 식습관을 만들어 주는 것이 중요합니다.",https://www.youtube.com/watch?v=oHNNLzWV9No,a pediatrician,POOR_GRAMMAR,LONG
프리바이오틱스는 유산균에 어떤 도움을 주는 건가요?,"프리바이오틱스는 유익균이 장에서 잘 자라도록 돕는 영양성분으로, 섬유질이나 올리고당 등이 포함됩니다.",https://www.youtube.com/watch?v=YKp7ta1H0c0,a pediatric nutrition expert,POOR_GRAMMAR,MEDIUM
쌀은 유아의 식단에서 어떤 역할을 하나요?,"쌀은 이유식 시에 오트밀이나 보리, 현미 같은 곡류와 함께 주어지며, 장내 환경에 도움이 됩니다.",https://www.youtube.com/watch?v=YKp7ta1H0c0,a pediatrician,MISSPELLED,MEDIUM
2018년 이전의 육아책 기준과 현재의 기준은 어떻게 다릅니까?,"2018년 이전에 나온 육아책의 기준은 현재의 기준과 다르며, 2017년 12월에 3세 미만 아동의 우리나라 기준이 세계보건기구(WHO) 기준으로 바뀌었으므로 새로 개정된 기준을 사용해야 합니다.",https://www.youtube.com/watch?v=E7ZFsbXohx0,a pediatric nutrition expert,PERFECT_GRAMMAR,MEDIUM
보리차로 분유를 탈 수 있나요? 왜 안되나요?,분유는 반드시 맹물(끓인 물)로 타야 하며 보리차나 다른 차로 타서는 안 됩니다.,https://www.youtube.com/watch?v=sLDedsQBmDU,a pediatric nutrition expert,POOR_GRAMMAR,LONG
소아청소년과 전문의가 아이들이 밥을 잘 안 먹는 경우에 대해 어떻게 대처해야 한다고 말하나요?,"소아청소년과 전문의는 밥을 잘 먹지 않는 아이들에게 식사 시간이 지나면 음식을 치우는 것이 가장 좋은 방법이라고 설명합니다. 아이들은 배가 고프면 결국 먹게 되므로, 지금 먹지 않으면 다음 식사 때까지 아무것도 주지 않는다는 것을 가르쳐야 합니다. 이는 굶기는 것이 아니라 식사 규칙을 가르치는 것이며, 간식은 평소 주는 양만 주되, 아이가 더 달라고 해도 더 주지 않아야 합니다. 또한, 집 안에 먹을 것을 늘어두지 않고, 식사 시간과 간식 시간 외에는 반드시 부모의 허락을 받고 먹는 규칙을 정해 일관되게 지켜야 한다고 강조합니다.",https://www.youtube.com/watch?v=w5s5Y76ilcA,a pediatric nutrition expert,MISSPELLED,LONG
소아청소년과에서 돌지난 아기에게 어떤 우유를 먹여야 하나요?,"돌 지난 아기에게는 가공된 어린이용 우유보다 일반 전지 우유를 권장하며, 특별한 문제가 없는 아기라면 영양소가 첨가된 제품은 꼭 필요한 것은 아닙니다. 하루 권장 섭취량은 약 400~500ml 정도입니다.",https://www.youtube.com/watch?v=lshTgFOyl3Y,a pediatric nutrition expert,MISSPELLED,SHORT
흑설탕은 아이들한테 좋지 않나요?,"흑설탕은 설탕의 일종으로, 첨가당에 포함됩니다. 아이들은 설탕 섭취로 인해 필수 영양소 섭취가 줄어들어 성장과 두뇌 발달에 악영향을 받을 수 있으므로 주의해야 합니다.",https://www.youtube.com/watch?v=Gdj4TA6ZLyc,a pediatric nutrition expert,POOR_GRAMMAR,SHORT
소아청소년과 전문의로서 조를 포함한 이유식의 적절한 비율과 조리 방법에 대해 설명해 주실 수 있나요?,"초기 이유식부터 잡곡을 사용할 수 있으며, 잡곡을 약 50% 정도 섞어 주는 것이 무난합니다. 조는 귀리, 보리, 퀴노아와 함께 흰쌀죽과 50:50 비율로 섞어 사용할 수 있습니다. 오트밀을 이용해 흰쌀죽과 반반 섞으면 잡곡 50% 죽이 됩니다. 중기 이유식에는 퀵 오트밀을 권장하며, 씹는 능력이 좋은 아기는 롤드 오트밀을 사용할 수 있습니다. 조리법은 물과 섞어 끓이거나 전자레인지를 이용하는 방법으로, 물의 양은 기호에 따라 조절하면 됩니다.",https://www.youtube.com/watch?v=9qhxKhgPQG4,a pediatrician,WEB_SEARCH_LIKE,LONG
과당이 아이의 건강에 미치는 영향은 무엇인가요?,"과당은 설탕의 일종으로, 아이들이 과다 섭취할 경우 필수 영양소 섭취가 줄어들어 성장과 두뇌 발달에 악영향을 미칠 수 있습니다. 또한, 설탕 섭취로 인해 미각 발달과 식습관 형성에도 부정적인 영향을 줄 수 있습니다.",https://www.youtube.com/watch?v=Gdj4TA6ZLyc,a child nutrition specialist,WEB_SEARCH_LIKE,SHORT
"김치 먹는 거 아이들한테 좋다는데, 소금 많이 들어가서 안 좋다면서요? 그럼 어떻게 해야 해요?","김치는 염분이 많은 음식 중 하나로, 아이들에게는 두 돌까지 소금을 따로 첨가하지 않고 원래 짠 음식도 먹이지 않는 것이 좋습니다. 두 돌이 지나서도 가능하면 싱겁게 먹이는 것이 중요합니다. 짠 음식은 습관이 들면 고치기 어렵기 때문에 어릴 때부터 싱겁게 먹는 습관을 들이는 것이 매우 중요합니다.",https://www.youtube.com/watch?v=3hI0NhprCfg,a pediatric nutrition expert,POOR_GRAMMAR,LONG
아침을 먹지 않는 아이들이 혈당에 미치는 영향은 무엇인가요?,아침을 먹지 않는 아이들은 밤새 비축한 것이 없는 상태에서 혈당이 떨어져 기운이 없어질 수 있습니다. 특히 성장기 아이들은 성인보다 3배 이상의 에너지를 사용하기 때문에 아침을 거르면 혈당 저하로 학교에서 집중하거나 공부하는 능률이 떨어집니다.,https://www.youtube.com/watch?v=w8JmykDg9tM,a pediatrician,PERFECT_GRAMMAR,SHORT
애기들한테 식사 규칙 왜 중요해?,"식사 규칙은 아이들이 가정에서 규칙을 지키는 법을 배우고, 자기 통제력을 키우는 데 매우 중요합니다. 규칙이 없으면 아이들은 한자리에 앉아 식사하지 않게 되며, 부모가 단호하게 규칙을 지켜야 아이들이 이를 따르게 됩니다.",https://www.youtube.com/watch?v=tEuimZqaiUE,a pediatric nutrition expert,POOR_GRAMMAR,SHORT
새우 언제 주면 되나요?,새우는 돌 전에 시도하는 것이 권장됩니다. 너무 늦게 도입하면 알레르기 발생이 증가할 수 있습니다.,https://www.youtube.com/watch?v=HMM_IdFEOg4,a pediatrician,POOR_GRAMMAR,SHORT
아기주도 이유식을 시작하기 전에 부모가 알아야 할 중요한 점은 무엇인가요?,"부모는 아기주도 이유식을 시작하기 전에 충분히 공부하고 준비해야 하며, 성급히 시작하면 실패하거나 이후 이유식 진행이 어려워질 수 있습니다. 또한, 아기주도 이유식은 아이가 가정의 어른들이 먹는 음식을 먹기 위한 중간 단계라는 점을 잊지 말아야 합니다. 준비 없이 시작한 부모들은 나중에 아이가 밥을 잘 먹지 않거나 숟가락 사용을 가르치는 등으로 고생할 수 있습니다.",https://www.youtube.com/watch?v=51j6CT460nU,a pediatric nutrition expert,PERFECT_GRAMMAR,MEDIUM
심장병 예방을 위해 어린이에게 어떤 식습관을 권장하나요?,심장병 예방을 위해 두 돌까지는 음식에 소금을 따로 첨가하지 말고 원래 짠 음식도 먹이지 않는 것이 좋습니다. 두 돌이 지나서도 가능하면 싱겁게 먹이는 것이 중요합니다.,https://www.youtube.com/watch?v=3hI0NhprCfg,a pediatric nutrition expert,PERFECT_GRAMMAR,SHORT
알레르기용 분유로 바꿀 때 주의해야 할 점은 무엇인가요?,알레르기용이나 특수분유로 바꿀 때는 의사의 지시에 따라 단번에 바꾸는 것이 중요합니다. 서로 다른 브랜드는 조제방법과 분유·물 비율이 다를 수 있으니 사용 설명을 반드시 확인해야 합니다.,https://www.youtube.com/watch?v=N7wsFEKAUB0,a pediatrician,WEB_SEARCH_LIKE,SHORT
오트밀은 아기 이유식에 어떻게 좋나요?,"오트밀은 이유식을 하면서 수유량이 줄어든 아기에게 좋습니다. 이유식의 구성이나 양을 점검할 때, 오트밀이나 잡곡을 일정 부분 섞어 주는 것이 좋습니다.",https://www.youtube.com/watch?v=0J6dh_a0I9I,a child nutrition specialist,POOR_GRAMMAR,MEDIUM
밀가루를 아기에게 언제 먹이는 것이 적절한가요?,밀가루의 경우 예전에는 7개월 이전에는 주지 말라는 권고가 있었지만 최근에는 꼭 그럴 필요는 없다는 의견도 있습니다. 그러나 저는 아직도 7개월 이전의 밀가루 섭취는 권하지 않습니다.,https://www.youtube.com/watch?v=yvy-PRKF5GQ,a pediatrician,PERFECT_GRAMMAR,MEDIUM
부모가 아기의 체중 증가를 어떻게 평가해야 하나요?,"부모들은 아기의 체중 증가를 평가하기 위해 2006년에 만들어진 기준표를 참고해야 합니다. 이 기준표는 국가와 인종에 관계없이 적용할 수 있으며, 2017년 12월부터 3세 미만 아이들에게 적용되고 있습니다. 아기가 출생 시 체중이 기준이 되며, 작게 태어난 아기는 시간이 지나면서 중앙값까지 따라갈 수 있지만, 급격한 체중 변화는 주의해야 합니다. 체중이 단기간에 너무 빠르게 늘거나 너무 느리게 늘어나는 경우에는 과식이나 영양 부족을 확인해야 하며, 이러한 경우 소아청소년과 의사의 진료를 받는 것이 중요합니다.",https://www.youtube.com/watch?v=bs1XLiIi9lM,a pediatric nutrition expert,WEB_SEARCH_LIKE,MEDIUM
"유축해서 아기를 먹이는 것이 왜 그렇게 힘든지, 그리고 부모들이 유축을 피해야 하는 이유는 무엇인가요?","유축해서 아기를 먹이는 것은 여러 가지 이유로 힘들 수 있습니다. 첫째, 유축하면 짜는 시간과 먹이는 시간이 더 걸려 아기 먹이는 데 두 배 이상 시간이 들고 엄마가 많이 힘들어집니다. 둘째, 유축한 모유를 병으로 먹은 아이들은 젖병에 익숙해져 엄마 젖을 잘 물지 않으려 할 수 있습니다. 셋째, 산후조리원에서는 다른 사람이 수유해 주니 문제가 덜하지만, 집에 오면 엄마가 유축과 수유를 모두 해야 해서 큰 부담이 됩니다. 결국 짜는 것도 소홀해져 모유가 줄고 어쩔 수 없이 모유수유를 중단하는 부모가 많아집니다. 따라서, 유축하지 않고 직접 젖을 물려 먹이는 것이 가장 좋습니다.",https://www.youtube.com/watch?v=xI7N8bcy9yo,a pediatric nutrition expert,POOR_GRAMMAR,LONG
어린이에게 오트밀을 주는 것이 왜 중요한가요?,"이유식 시에는 오트밀이나 보리, 쌀, 현미 같은 곡류와 채소, 과일을 골고루 주면 장내 환경에 도움이 됩니다.",https://www.youtube.com/watch?v=YKp7ta1H0c0,a child nutrition specialist,PERFECT_GRAMMAR,SHORT
영양 부족이 설사하는 아이에게 미치는 영향은 무엇인가요?,"설사가 오래가면 장기간 음식 섭취가 부족해 성장 발달에 문제가 생길 수 있으며, 식습관이 더 나빠질 수 있습니다. 따라서 설사하는 아이를 돌볼 때는 음식 섭취에 신경을 써야 합니다.",https://www.youtube.com/watch?v=w8BucI0wZYE,a pediatrician,WEB_SEARCH_LIKE,SHORT
IBCLC는 아기 몸무게 늘리는데 뭐 도와줄 수 있어?,"IBCLC는 아기의 체중 증가에 대한 문제를 해결하기 위해 영양 섭취와 관련된 조언을 제공합니다. 그러나 몸무게가 적다는 이유만으로 분유를 더 오래 먹이는 것은 기준이 되지 않으며, 총 칼로리 섭취가 더 중요합니다.",https://www.youtube.com/watch?v=eGD1vhqSmpk,a pediatrician,POOR_GRAMMAR,SHORT
우유는 아이한테 왜 중요해요?,"우유는 기본적으로 건강에 좋은 음식으로, 담백하고 칼슘이 풍부해 아이에게 유익합니다. 보통 하루 한두 컵 정도가 적당하며, 두 살 미만의 아이들에게는 지방이 두뇌 발달에 중요하므로 전지(일반) 우유를 권장합니다.",https://www.youtube.com/watch?v=-LqEr-PlCz0&list=PLC6Msm1YCNw8LtglWOviWSMVd-33S_WHM,a child nutrition specialist,MISSPELLED,SHORT
수수는 이유식에 어떻게 활용할 수 있나요?,"수수는 잡곡의 일종으로, 이유식에 약 10% 정도 섞어 시작할 수 있으며, 비율을 점차 높여 50%까지 올리는 것이 좋습니다. 잡곡에는 수수 외에도 통밀, 귀리, 보리, 조, 기장, 퀴노아 등이 포함되며, 어린 아기에게 잡곡을 주는 것은 소화에 해롭지 않고 오히려 좋습니다.",https://www.youtube.com/watch?v=J43GQGMKCCQ,a pediatrician,WEB_SEARCH_LIKE,MEDIUM
"혼합수유 중 아기가 잘 먹지 않을 때, 아기를 위해 어떤 조치를 취해야 할까요?","혼합수유 중 아기가 잘 먹지 않는 경우, 모유를 끊고 완전히 분유로 전환하는 것은 권장되지 않습니다. 아기가 잘 먹지 않아 체중이 제대로 늘지 않는 경우에는 확인이 필요하며, 수유 문제가 심한 경우에는 아기가 잘 먹는 방법을 우선하는 것이 중요합니다. 원칙적으로는 모유를 유지하면서 분유를 보충하는 것이 좋으며, 모유를 함부로 끊는 것은 신중해야 합니다. 모유를 끊으면 양이 줄어 다시 되돌리기 어려울 수 있으므로, 아기가 적게 먹는다고 해서 모유를 함부로 끊지 않도록 신중히 결정해야 합니다.",https://www.youtube.com/watch?v=OoLubZL8pe0,a child nutrition specialist,WEB_SEARCH_LIKE,LONG
9개월 아기가 우유병을 끊고 컵으로 수유하는 게 괜찮은가요? 부모들이 걱정하는 빨기 욕구는 어떻게 되나요?,"일반적으로 권장되는 지침은 돌이 지나면 우유병을 끊는 것이지만, 9개월부터 컵으로 분유를 잘 먹는 경우에는 우유병을 끊고 컵으로 수유해도 됩니다. 부모가 걱정하는 빨기 욕구에 대해서는 아기들이 빨기 욕구가 충족되지 않으면 손가락을 빨기도 하므로, 특별히 걱정할 필요는 없습니다. 특히 9개월쯤에 컵으로 먹는 아기에게는 빨기 욕구 때문에 걱정할 필요가 없습니다.",https://www.youtube.com/watch?v=lWCLgbxf1Kk,a pediatrician,POOR_GRAMMAR,LONG
수유 방식을 아기가 스스로 배고플 때 먹이는 것으로 바꾸려면 어떤 점을 미리 알아야 하나요?,"수유 방식을 아기가 스스로 배고플 때 먹는 것으로 바꾸는 것은 단순히 수유 시간만 고치는 것으로 해결되지 않습니다. 특히 기존에 일정한 간격으로 먹이던 아기를 바꾸는 것은 더 복잡하며, 출생 시 체중 대비 체중 증가를 확인해야 합니다. 또한, 아기 나이와 상태, 밤중 수유 여부, 이유식 시작 시기, 부모의 돌봄 방식 등을 고려해야 할 수 있습니다. 주기적으로 체중을 확인하고 소아과 의사의 진료를 받는 것이 필요할 수 있습니다.",https://www.youtube.com/watch?v=Yqtx1U_EiPE,a child nutrition specialist,WEB_SEARCH_LIKE,MEDIUM
비만과 관련하여 잘 안 먹는 아이의 체중 조절에 대해 어떻게 설명할 수 있나요?,"몸무게가 많이 나가는 아이는 이미 체중이 충분히 늘어난 경우가 많아 잘 안 먹는 것이 정상입니다. 부모가 억지로 더 먹이려 하면 아이가 스스로 체중을 조절할 기회를 잃게 되고, 오히려 비만으로 이어질 수 있습니다. 따라서, 몸무게가 많이 나가는 아이가 잘 안 먹는다면 너무 걱정하지 말고 그대로 두어도 됩니다.",https://www.youtube.com/watch?v=UoecyzsonfQ,a pediatrician,WEB_SEARCH_LIKE,SHORT
퀵 오트밀은 아기 이유식에 어떻게 사용되나요?,"오트밀은 이유식 재료로 사용할 수 있으며, 초기에는 퀵 오트밀(입자가 곱고 퍼지는 제품)을 사용하는 것이 좋습니다. 중기·후기에는 롤드오트나 스틸컷 오트를 사용해 질감을 조절하시면 좋습니다.",https://www.youtube.com/watch?v=rRFmPPSZILA,a child nutrition specialist,MISSPELLED,MEDIUM
부모가 아기에게 수유할 때 가장 중요한 원칙은 무엇인가요?,"부모는 아기가 배고파서 먹고 싶어할 때마다 마음껏 먹이는 것이 중요합니다. 시간 맞춰서 먹이지 말고, 아기가 필요할 때 먹도록 하는 것이 신생아 수유의 기본 원칙입니다.",https://www.youtube.com/watch?v=5eQNbxxhzP4,a pediatric nutrition expert,PERFECT_GRAMMAR,SHORT
과당이 아이들의 건강에 미치는 영향은 무엇인가요?,"과당은 설탕의 일종으로, 아이들이 과다 섭취할 경우 비만, 심혈관계 질환 위험 증가, 당뇨병 발생 위험 증가 등 다양한 건강 문제가 생길 수 있습니다. 특히 성장기 아이들은 과당 섭취로 인해 필수 영양소 섭취가 줄어들어 성장과 두뇌 발달에 악영향을 받을 수 있으며, 미각 발달과 식습관 형성에도 부정적 영향을 줄 수 있습니다.",https://www.youtube.com/watch?v=Gdj4TA6ZLyc,a pediatrician,WEB_SEARCH_LIKE,MEDIUM
제왕절개 후 아기에게 젖 물리는 거 어떻게 해야 해?,제왕절개인 경우에도 가능한 한 빨리 젖을 물리는 것이 원칙입니다. 태어난 지 30분에서 1시간 이내에 첫 수유를 시작하는 것이 좋습니다.,https://www.youtube.com/watch?v=EEFXM4m3ZXg,a pediatrician,POOR_GRAMMAR,MEDIUM
칼륨이 과일에 왜 중요한가요?,"과일에는 우리 몸에 필요한 다양한 비타민과 섬유질이 풍부하고, 칼륨·마그네슘·항산화 물질 등이 들어 있어 면역 기능을 향상시키고 질병을 예방하는 데 도움이 됩니다.",https://www.youtube.com/watch?v=v43KzkQWXik,a child nutrition specialist,POOR_GRAMMAR,MEDIUM
귀리 뭐에 좋나요?,"귀리는 초기 이유식부터 사용할 수 있으며, 흰쌀죽과 50:50 비율로 섞어 주면 좋습니다. 귀리는 오트밀 형태로 제공할 수 있으며, 초기 이유식에는 퀵 오트밀을 사용해도 됩니다.",https://www.youtube.com/watch?v=9qhxKhgPQG4,a child nutrition specialist,POOR_GRAMMAR,SHORT
젖병을 사용하지 않고 아기를 어떻게 젖을 물릴 수 있나요?,"아기를 직접 젖에 물릴 수 있다는 확신을 갖는 것이 가장 중요합니다. 여유를 가지고 느긋하게 젖을 물리려 노력하면서 아기가 다시 엄마 젖을 좋아하도록 기다려주는 것이 좋습니다. 아이가 잠에서 깬 직후 비몽사몽할 때 바로 물리면 좀 더 쉽게 젖을 물 수 있습니다. 생후 한 달 이내라면 젖을 자주 물리는 것도 좋습니다. 보충수유를 할 때는 유축한 모유보다 먼저 직수를 시도하고, 유축한 모유를 줄 때 젖병 젖꼭지 대신 컵이나 숟가락으로 먹이는 것도 젖병에 대한 익숙함을 줄일 수 있습니다.",https://www.youtube.com/watch?v=xI7N8bcy9yo,a child nutrition specialist,MISSPELLED,MEDIUM
소금은 아이들에게 얼마나 위험한가요?,"소금은 생활에 필수적이지만, 두 돌까지는 음식에 소금을 따로 첨가하지 말고 원래 짠 음식도 먹이지 않는 것이 좋습니다. 소금은 '소리 없는 살인자'라고 할 정도로 위험하며, 성인병과 신장 질환의 위험을 높입니다. 짠 음식은 한 번 습관이 들면 고치기 어렵기 때문에 어릴 때부터 싱겁게 먹는 습관을 들이는 것이 매우 중요합니다.",https://www.youtube.com/watch?v=3hI0NhprCfg,a child nutrition specialist,MISSPELLED,MEDIUM
2세 아이한테 치즈 주는거 조심해야 하는 이유는 뭐에요?,"2세까지는 음식에 간을 하지 않는 것이 기본이며, 일반적으로 수유와 이유식만으로도 아기에게 필요한 나트륨은 충분히 공급됩니다. 따라서 아기나 어린아이에게 치즈를 줄 때는 나트륨 함량이 적은 아기용 치즈를 선택하고, 나트륨 함량이 적더라도 많이 먹이면 섭취량이 많아지므로 간식으로 조금씩만 주는 것이 좋습니다. 멸균 처리된 제품을 선택하는 것도 기본이며, 멸균 처리되지 않은 치즈를 면역력이 약한 어린아이에게 주면 심각한 병이 생길 수 있으니 주의해야 합니다.",https://www.youtube.com/watch?v=OB2vXyWDriQ,a pediatric nutrition expert,POOR_GRAMMAR,MEDIUM
흰살 생선은 이유식에 왜 좋다고 알려져 있나요?,"흰살 생선은 이유식 초기나 중기에 무난하게 먹일 수 있는 음식으로 알려져 있습니다. 이는 아기에게 문제가 없기 때문이며, 흰살 생선은 아기의 성장과 발달에 필요한 영양소가 많아 건강에 좋은 음식입니다.",https://www.youtube.com/watch?v=bMJcxCs5eL4,a pediatric nutrition expert,MISSPELLED,MEDIUM
어른이 MSG를 사용할 때 주의해야 할 점은 무엇인가요?,"어른의 경우 MSG를 적당히 사용할 때는 문제가 되지 않으며, 요리를 잘 못하는 사람도 MSG를 적절히 활용하면 맛을 내기 쉬워 수고와 비용을 줄일 수 있습니다. 다만 과용하지 않는 것이 좋습니다.",https://www.youtube.com/watch?v=anQztIwRJ7o,a pediatrician,PERFECT_GRAMMAR,SHORT
분유를 먹는 아기가 이유식을 시작하는 적절한 시기는 언제인가요?,"최근 연구와 전문가들은 분유든 모유든 일반적으로 만 6개월에 이유식을 시작하는 것을 권장합니다. 과거에는 분유를 먹는 아기와 모유를 먹는 아기의 시작 시기가 달랐지만, 현재는 만 6개월에 시작하는 것이 좋다고 알려져 있습니다.",https://www.youtube.com/watch?v=CQdglgCCIHo,a child nutrition specialist,WEB_SEARCH_LIKE,LONG
신장 질환이 있는 아기에게 비타민 D를 보충할 때 주의해야 할 점은 무엇인가요?,신장 질환 등 만성 질환이 있는 경우에는 비타민 D 보충을 시작하기 전에 반드시 의사와 상담해야 합니다.,https://www.youtube.com/watch?v=vLXZilr9H84,a pediatric nutrition expert,PERFECT_GRAMMAR,LONG
생후 9개월 아기 젖병 끊는거 어떻게 해야 해?,"생후 9개월 아기들은 젖병 대신 컵으로 분유를 대부분 마시는 경우도 있습니다. 젖병을 끊는 일반적인 방법은 생후 6개월부터 컵에 분유를 담아 먹는 연습을 시작하고, 돌쯤에 젖병을 끊는 것입니다. 아기를 키울 때는 시작할 때 시작하고 끊을 때 끊어야 하며, 시기를 놓치면 더 힘들어집니다.",https://www.youtube.com/watch?v=TIg7STi9lrE,a pediatric nutrition expert,POOR_GRAMMAR,MEDIUM
사과를 요거트와 함께 아기에게 급여할 때 주의해야 할 점은 무엇인가요?,"사과는 요거트와 섞어 아기에게 맛있게 먹일 수 있는 좋은 재료입니다. 그러나 요거트를 급여할 때는 설탕, 꿀, 액상과당, 초코시럽 등 당류가 첨가된 제품은 피해야 하며, 특히 두 돌 전에는 첨가물이 없는 제품을 주는 것이 바람직합니다.",https://www.youtube.com/watch?v=XP4Y8nNvdDA,a pediatrician,WEB_SEARCH_LIKE,LONG
신생아가 컵으로 수유하는 것이 가능한 시점은 언제인가요?,"신생아 때부터 컵 수유가 가능한 경우가 있으며, 모유를 먹는 신생아가 의학적인 이유로 일시적으로 모유를 먹지 못할 때는 우유병 대신 컵 수유를 권장하기도 합니다.",https://www.youtube.com/watch?v=lWCLgbxf1Kk,a child nutrition specialist,MISSPELLED,LONG
우유의 안전성과 관련하여 국가가 어떤 역할을 해야 한다고 생각하시나요?,"국가는 항생제 잔류 문제를 철저히 관리해야 하며, 원유 단계에서 항생제 검사를 실시하여 검출된 원유는 폐기해야 합니다. 검사와 관리에 빈틈이 있을 수 있으므로, 이러한 문제를 가볍게 볼 사안이 아니라고 생각합니다.",https://www.youtube.com/watch?v=lBvgfh5FDxk,a pediatrician,MISSPELLED,LONG
"소아청소년과 전문의로서, 모유수유 후 젖을 짜지 않아야 하는 이유는 무엇인가요?","모유수유 후 젖을 짜지 않는 것이 기본이며, 쓸데없이 젖을 짜는 습관은 번거롭고 시간이 더 들 뿐 아니라 유즙 분비가 과도하게 늘어나 전유·후유의 불균형이나 유방 울혈 같은 문제를 초래할 수 있습니다. 반복적으로 젖을 짜면 모유수유가 어려워질 수 있습니다.",https://www.youtube.com/watch?v=I_-qFYAAMNk,a child nutrition specialist,PERFECT_GRAMMAR,MEDIUM
임신부가 치즈를 섭취할 때 주의해야 할 점은 무엇인가요?,"임신부가 치즈를 섭취할 때 주의해야 할 점은 멸균 처리 여부와 나트륨 함량입니다. 일부 치즈는 임산부가 먹기 곤란한 경우가 많으므로, 멸균된 제품을 선택하는 것이 기본입니다. 또한, 나트륨 함량이 높은 치즈는 피하는 것이 좋습니다.",https://www.youtube.com/watch?v=OB2vXyWDriQ,a pediatrician,PERFECT_GRAMMAR,MEDIUM
소아과 전문의 이하정은 우유병 사용 중단에 대해 어떤 권장 사항을 제시하나요?,"이하정 전문의는 일반적으로 돌이 지나면 우유병을 끊는 것이 좋다고 권장합니다. 그러나 9개월부터 컵으로 분유를 잘 먹는 경우에는 우유병을 끊고 컵으로 수유해도 괜찮다고 설명합니다. 또한, 아이가 컵으로 분유를 잘 먹고 부모가 컵 수유에 어려움이 없다면 더 빨리 우유병을 끊어도 문제가 없다고 덧붙입니다.",https://www.youtube.com/watch?v=lWCLgbxf1Kk,a pediatric nutrition expert,WEB_SEARCH_LIKE,MEDIUM
밀가루를 아기에게 언제부터 먹여도 되는지에 대한 최신 권고는 무엇인가요?,밀가루의 경우 예전에는 7개월 이전에는 주지 말라는 권고가 있었지만 최근에는 꼭 그럴 필요는 없다는 의견도 있습니다. 그러나 저는 아직도 7개월 이전의 밀가루 섭취는 권하지 않습니다.,https://www.youtube.com/watch?v=yvy-PRKF5GQ,a pediatrician,WEB_SEARCH_LIKE,LONG
소아청소년과 전문의로서 아이들이 식사를 거부할 때 어떻게 대처해야 하나요?,"아이들이 밥을 잘 먹지 않는 경우, 식사 시간이 지나면 음식을 치우는 것이 가장 좋은 방법입니다. 아이들은 배가 고프면 결국 먹게 되므로, 지금 먹지 않으면 다음 식사 때까지 아무것도 주지 않는다는 것을 가르쳐야 합니다. 식사 시간을 놓쳐도 간식은 평소 주는 양만 주되, 아이가 더 달라고 해도 더 주지 않아야 합니다. 집 안에 먹을 것을 늘어두지 말고, 식사 시간과 간식 시간 외에는 반드시 부모의 허락을 받고 먹는다는 규칙을 정해 일관되게 지켜야 합니다. 부모가 걱정하며 계속 먹을 것을 주면 아이는 그 반응을 알고 더 버티므로, 단호하게 규칙을 지키는 것이 중요합니다.",https://www.youtube.com/watch?v=w5s5Y76ilcA,a pediatrician,WEB_SEARCH_LIKE,MEDIUM
어린 아이의 식습관을 개선하기 위해 부모가 어떤 규칙을 세워야 하나요?,"부모는 '식사 시간에는 반드시 앉아 먹는다'는 규칙을 세워야 하며, 아이가 스스로 일어날 수 있어도 식사가 끝날 때까지 자리를 떠나면 안 된다는 것을 어릴 때부터 가르쳐야 합니다. 규칙을 지키는 것은 아이의 몫이며, 부모가 단호하게 행동으로 보여줘야 합니다. 식사 중 자리를 떠난 아이에게는 다음 식사 때까지 음식을 더 주지 말고 간식도 평소 정해진 양만 주어야 하며, 이런 원칙들은 아이의 자기 통제력을 키우는 데 매우 중요합니다.",https://www.youtube.com/watch?v=tEuimZqaiUE,a pediatrician,MISSPELLED,LONG
소아청소년과에서 혼합수유 중 아기가 잘 안 먹는 경우 어떻게 대처해야 하나요?,"혼합수유 중 아기가 잘 안 먹는 경우, 모유를 끊고 완전히 분유로 바꾸는 것은 권장되지 않습니다. 아기가 잘 먹지 않아 체중이 제대로 늘지 않는 경우에는 확인이 필요하며, 수유 문제가 심한 경우에는 아기가 잘 먹는 방법을 우선하는 것이 중요합니다. 원칙적으로는 모유를 유지하면서 분유를 보충하는 것이 좋으며, 모유를 함부로 끊으면 모유 양이 줄어 다시 되돌리기 어려울 수 있으니 매우 신중해야 합니다.",https://www.youtube.com/watch?v=OoLubZL8pe0,a child nutrition specialist,WEB_SEARCH_LIKE,MEDIUM
퀴노아는 이유식에 어떻게 쓰나요?,"퀴노아는 흰쌀죽과 50:50 비율로 섞어 이유식에 사용할 수 있습니다. 초기 이유식부터 잡곡을 사용할 수 있으며, 잡곡을 약 50% 정도 섞어 주는 것이 무난합니다.",https://www.youtube.com/watch?v=9qhxKhgPQG4,a pediatrician,POOR_GRAMMAR,SHORT
모유수유에 대해 아기에게 언제 먹여야 하는지에 대한 올바른 방법은 무엇인가요?,"모유수유를 할 때는 아기가 배고파서 먹고 싶어할 때마다 마음껏 먹이는 것이 중요합니다. 시간에 맞춰서 먹이는 것은 잘못된 내용이며, 유니세프 등 전문가들이 권장하는 것은 'on demand', 즉 필요할 때 먹이라는 것입니다. 아기들은 필요한 양을 스스로 조절하는 능력이 있으므로, 처음부터 아기가 스스로 조절하게 맡기면 부모가 먹이는 양이나 아기 몸무게에 대해 지나치게 신경 쓸 필요가 없습니다.",https://www.youtube.com/watch?v=5eQNbxxhzP4,a pediatric nutrition expert,POOR_GRAMMAR,LONG
오메가-3 지방산이 포함된 고등어를 이유식에 포함시키는 것이 아기에게 어떤 이점을 줄 수 있나요?,고등어는 오메가-3 지방산 등 중요한 영양소가 풍부한 아주 좋은 음식입니다. 아기에게 고등어를 이유식으로 먹이면 이러한 영양소를 통해 성장과 발달에 필요한 영양을 공급할 수 있습니다.,https://www.youtube.com/watch?v=bMJcxCs5eL4,a child nutrition specialist,WEB_SEARCH_LIKE,MEDIUM
아기가 젖병을 끊는 적절한 시기는 언제인가요?,아기가 젖병을 끊는 적절한 시기는 일반적으로 돌 무렵이라고 생각됩니다. 돌이 지나서 한두 달 이내에는 젖병을 그만 쓰는 것이 권장됩니다.,https://www.youtube.com/watch?v=TIg7STi9lrE,a pediatric nutrition expert,PERFECT_GRAMMAR,SHORT
분유수유 할 때 아기 언제 먹여야 하나요?,"아기를 분유수유 할 때는 시간 맞춰서 먹이지 말고, 아기가 배고파서 먹고 싶어할 때마다 마음껏 먹이는 것이 중요합니다. 이렇게 하면 아기들은 자연스럽게 일정한 간격으로 먹는 습관을 형성하게 됩니다.",https://www.youtube.com/watch?v=5eQNbxxhzP4,a child nutrition specialist,POOR_GRAMMAR,MEDIUM
어른이 MSG를 쓰는 거 괜찮아?,어른의 경우 적당히 사용할 때 MSG는 문제가 되지 않습니다. 요리를 잘 못하는 사람도 MSG를 적절히 활용하면 맛을 내기 쉬워 수고와 비용을 줄일 수 있습니다. 그러나 과용하지 않는 것이 좋습니다.,https://www.youtube.com/watch?v=anQztIwRJ7o,a child nutrition specialist,POOR_GRAMMAR,SHORT
분유를 타는 물은 왜 70°C 이상이어야 하나요?,"분유는 완전히 무균이 아니어서 아주 드물게 아기에게 해로운 세균이 있을 수 있습니다. 상온의 물로 분유를 타서 보관하면 세균이 증식해 병을 일으킬 수 있으므로, 분유는 세균을 죽일 수 있는 70°C 이상의 뜨거운 물로 타는 것이 좋습니다.",https://www.youtube.com/watch?v=sLDedsQBmDU,a pediatrician,POOR_GRAMMAR,MEDIUM
분유를 먹이는 아기들이 젖병을 언제 끊어야 하는지에 대한 조언이 뭐에요?,"일반적으로 젖병 사용을 그만두는 시기는 돌 무렵이라고 생각하시면 됩니다. 생후 6개월이 되면 컵에 분유를 담아 먹는 연습을 시작하고, 돌쯤 젖병을 끊는 것이 일반적인 방법입니다. 돌이 지나면 아이가 저절로 젖병을 끊기를 기대하지 말고, 서서히 컵으로 바꿀 생각을 해야 합니다.",https://www.youtube.com/watch?v=TIg7STi9lrE,a pediatrician,POOR_GRAMMAR,LONG
2017년 12월에 도입된 성장표는 아기의 먹는 양을 평가하는 데 어떤 역할을 하나요?,"2017년 12월부터 도입된 성장표는 아기의 체중 증가를 평가하는 기준으로 사용되며, 아기가 적절히 먹고 있는지를 판단하는 데 중요한 역할을 합니다. 이 표는 전 세계적으로 표준으로 사용되고 있으며, 아기의 체중이 출생 시 대비 적절히 증가하고 있는지를 확인하는 데 도움을 줍니다.",https://www.youtube.com/watch?v=1Xcmuwr0Cnw,a pediatrician,WEB_SEARCH_LIKE,MEDIUM
하정우가 이유식과 분유 섭취에 대해 어떤 조언을 하고 있나요?,"하정우는 이유식을 시작하면서 아기가 모유나 분유를 적당량 섭취하는 것이 중요하다고 강조합니다. 일반적으로 6개월부터 하루 수유량 500~600ml가 권장되지만, 이유식을 시작한 아기들 중에는 하루 수유량이 500ml도 안 되는 경우가 있어 부모님들이 걱정할 수 있습니다. 그는 수유량이 단기간으로 줄어드는 것은 크게 신경 쓰지 않아도 되며, 아기들은 다시 회복되는 경우가 많다고 설명합니다. 그러나 이유식을 하면서 수유량이 확 줄어들었다면 이유식의 구성이나 양을 점검해야 하며, 채소의 양을 늘리고 오트밀이나 잡곡을 섞어 주는 것이 좋다고 조언합니다. 또한, 이유식을 너무 묽게 주면 아기가 포만감 때문에 모유·분유 섭취가 줄 수 있으니 적당한 질감을 유지하는 것이 중요하다고 덧붙입니다.",https://www.youtube.com/watch?v=0J6dh_a0I9I,a pediatric nutrition expert,WEB_SEARCH_LIKE,MEDIUM
2017년의 성장표가 아이의 체중 증가에 미치는 영향은 무엇인가요?,"2017년 말 성장표가 개정되어 2018년부터 사용되고 있으며, 이전 성장표와 비교할 때 특히 영아의 체중에서 몇백그램에서 1kg 가까이 차이가 날 수 있습니다. 이로 인해 실제로는 체중이 잘 늘고 있어도 예전 성장표로 보면 성장하지 않는 것처럼 보일 수 있습니다. 따라서 항상 최신 성장표를 사용해야 합니다.",https://www.youtube.com/watch?v=YPDyVT40488,a child nutrition specialist,MISSPELLED,LONG
가정교육에서 아침밥 먹이는게 왜 중요해요?,"아침밥은 아이들이 밤새 아무것도 먹지 않은 상태에서 에너지를 보충하고 하루를 활기차게 시작하는 데 중요합니다. 아침을 거르면 혈당이 떨어져 기운이 없어지고, 집중력과 공부 능률이 떨어질 수 있습니다. 또한, 아침식사는 규칙적인 생활을 유지하는 데도 중요하며, 가정교육의 일환으로 가족이 함께 아침을 먹는 것이 필요합니다.",https://www.youtube.com/watch?v=w8JmykDg9tM,a pediatrician,POOR_GRAMMAR,MEDIUM
영아의 식사량이 적을 때 부모가 확인해야 할 첫 번째 사항은 무엇인가요?,부모가 확인해야 할 첫 번째 사항은 아이의 몸무게입니다. 몸무게가 많이 나가는 아이는 이미 체중이 충분히 늘어난 경우가 많아 잘 안 먹는 것이 정상입니다.,https://www.youtube.com/watch?v=UoecyzsonfQ,a child nutrition specialist,WEB_SEARCH_LIKE,SHORT
이유식 얼마나 먹어야 하나요?,이유식을 얼마나 먹어야 정상인지에 대한 절대 기준은 없습니다. 아이마다 다르고 이유식의 종류와 질감에 따라 달라집니다. 몸무게가 잘 자라고 있다면 일단 제대로 먹고 있는 것입니다. 일반적으로 하루 이유식 섭취량이 500~600 정도면 양에는 문제가 없습니다. 수유량이 하루 500 이상이면 이유식은 아이가 먹고 싶어 하는 만큼 먹여도 됩니다.,https://www.youtube.com/watch?v=ZnfIY5F1UR4,a pediatrician,POOR_GRAMMAR,SHORT
한국에서 저지방 우유를 먹이는 이유는 무엇인가요?,"한국에서 저지방 우유를 권하는 주된 이유는 성인병 예방이며, 체중이 많은 경우 저지방 우유가 더 권장됩니다. 저지방 우유는 당뇨병 같은 대사질환이나 일부 암 발생 위험을 줄이는 장점이 있습니다. 또한, 저지방 우유는 포화지방의 과다 섭취로 인한 비만, 고혈압, 심장병 같은 성인병 위험을 낮추기 위해 개발되었습니다.",https://www.youtube.com/watch?v=-LqEr-PlCz0&list=PLC6Msm1YCNw8LtglWOviWSMVd-33S_WHM,a pediatrician,MISSPELLED,LONG
모유를 끊으면 아기가 잘 먹게 된다는 이야기가 사실인가요? 혼합수유 중에 모유를 끊는 것이 아기에게 어떤 영향을 미칠까요?,"혼합수유 중 아기가 잘 안 먹는다고 모유를 끊고 완전히 분유로 바꾸면 총 섭취량이 늘어나기보다 오히려 줄어드는 경우가 대부분입니다. 모유를 끊고 잘 먹게 된 경우는 인터넷에 쉽게 올라오지만, 실패한 경우는 잘 올라오지 않아 많은 부모들이 오해하기 쉽습니다. 아기가 원래 모유로 먹던 양만큼 분유를 다시 잘 먹기까지 시간이 걸리며, 어떤 경우는 한 달 이상 걸리기도 합니다. 따라서 아기가 잘 안 먹는다는 이유로 무조건 모유를 끊고 완전히 분유로 전환하는 것은 권하지 않습니다.",https://www.youtube.com/watch?v=OoLubZL8pe0,a child nutrition specialist,MISSPELLED,LONG
신생아의 수유 방법을 아기 신호에 맞춰 바꾸려면 어떤 점에 주의해야 하나요?,"신생아는 배고픔 신호를 보일 때 먹이고, 한 번에 충분히 먹인 뒤 다음 배고픔 신호가 올 때까지 여유 있게 기다리는 것이 가장 기본입니다. 수동 방식인 3시간마다 정해진 시간에 먹이거나 정해진 양만큼 주는 것은 권장하지 않으며, 아기 신호에 따라 수유하는 자동 모드로 하는 것이 좋습니다. 이미 양이나 시간을 정해 먹였던 아기는 습관이 있어 바로 바뀌지 않을 수 있지만, 아기에게 맡기는 방향으로 바꾸는 것이 좋습니다. 또한, 시간과 양 중 하나만 바꾸고 다른 하나는 그대로 두면 오히려 더 어려우므로 둘 다 함께 바꾸는 것이 바람직합니다.",https://www.youtube.com/watch?v=S0TvLFeHwyk,a pediatric nutrition expert,WEB_SEARCH_LIKE,LONG
2017년 성장표가 왜 중요한가요?,"2017년 말 성장표가 개정되어 2018년부터 사용되고 있습니다. 이전 성장표와 비교하면 특히 영아의 체중에서 몇백그램에서 1kg 가까이 차이가 날 수 있어, 실제로는 체중이 잘 늘고 있어도 예전 성장표로 보면 성장하지 않는 것처럼 보일 수 있습니다. 따라서 항상 최신 성장표를 사용해야 합니다.",https://www.youtube.com/watch?v=YPDyVT40488,a child nutrition specialist,POOR_GRAMMAR,MEDIUM
프리바이오틱스가 유익균의 성장에 미치는 영향은 무엇인가요?,"프리바이오틱스는 유익균이 장에서 잘 자라도록 돕는 영양성분으로, 섬유질이나 올리고당 등이 포함됩니다. 이는 장내 유익균의 비율을 높이는 데 기여할 수 있습니다.",https://www.youtube.com/watch?v=YKp7ta1H0c0,a pediatric nutrition expert,WEB_SEARCH_LIKE,LONG
이유식에서 쌀죽을 시작할 때 어떤 점을 주의해야 하나요?,"이유식은 보통 쌀미음으로 시작하지만 쌀미음보다는 약간 질감이 있는 쌀죽으로 시작하는 것이 무난합니다. 처음부터 잡곡을 약 10% 정도 섞어도 괜찮고, 이유식 초기부터 비율을 점차 높여 50%까지 올려도 됩니다. 중요한 것은 곡식의 익힘 정도와 질감이며, 밥을 주는 시기라면 잡곡도 충분히 익혀 부드럽게 만들어 주세요. 쌀죽에 오트밀을 첨가할 때는 알레르기를 잘 일으키지 않으므로 동시에 시작해도 무난하지만 반응이 생기면 하나씩 떼어 경과를 보는 것이 좋습니다.",https://www.youtube.com/watch?v=J43GQGMKCCQ,a pediatric nutrition expert,MISSPELLED,LONG
캘리포니아산 쌀의 비소 농도는 다른 지역과 비교했을 때 어떤가요?,우리나라 쌀의 평균 비소 농도는 캘리포니아산 쌀의 0.16에 비해 0.06 정도로 상대적으로 낮습니다. 따라서 캘리포니아산 쌀은 비소 농도가 높은 편에 속합니다.,https://www.youtube.com/watch?v=mYABC4UAeEU,a child nutrition specialist,WEB_SEARCH_LIKE,LONG
심혈관질환 예방에 잡곡과 현미가 어떻게 도움이 되나요?,"잡곡과 현미는 영양소와 식이섬유가 풍부해 당뇨 등 만성질환 예방에도 도움되는 장점이 있어, 통곡식을 충분히 섭취하면 비만, 당뇨병, 심혈관질환, 암 등의 예방에 도움이 됩니다.",https://www.youtube.com/watch?v=oHNNLzWV9No,a pediatrician,MISSPELLED,SHORT
"단백질이 아이들한테 왜 중요한지, 그리고 MSG가 단백질과 어떤 관계가 있는지 설명해줄 수 있어?","단백질은 아이들의 성장과 발달에 필수적인 영양소입니다. 단백질은 신체의 세포를 구성하고, 면역 체계를 강화하며, 에너지를 공급하는 역할을 합니다. MSG는 단백질을 구성하는 아미노산인 글루탐산에 나트륨이 결합한 형태로, 음식의 맛을 향상시키는 데 사용됩니다. 그러나 MSG의 사용은 아이들의 미각 발달과 식습관 형성에 부정적인 영향을 미칠 수 있으므로, 특히 영유아기에는 MSG 사용을 권장하지 않습니다.",https://www.youtube.com/watch?v=anQztIwRJ7o,a pediatrician,POOR_GRAMMAR,LONG
모유수유 후 젖을 짜지 않아야 하는 이유는 무엇인가요?,"모유수유 후 젖을 짜지 않는 것이 기본이며, 쓸데없이 젖을 짜는 습관은 번거롭고 시간이 더 들 뿐 아니라 유즙 분비가 과도하게 늘어나 전유·후유의 불균형이나 유방 울혈 같은 문제가 생길 수 있습니다. 반복적으로 젖을 짜면 오히려 모유수유가 어려워질 수 있습니다. 아기가 젖을 다 먹지 못하는 경우에는 잠들지 않게 하고 충분히 먹이는 것이 중요하며, 젖이 많이 나와 아기가 충분히 먹고도 남는다면 분비량은 저절로 조절됩니다. 특별한 이유가 없다면 수유 후 젖을 짜지 않아도 된다는 점을 기억해야 합니다.",https://www.youtube.com/watch?v=I_-qFYAAMNk,a child nutrition specialist,PERFECT_GRAMMAR,LONG
계란 흰자를 이유식에 언제 도입하는 것이 좋나요?,"계란 흰자는 돌 전에 시도하는 것이 권장됩니다. 이는 알레르기 발생을 줄이기 위한 지침의 일환으로, 최근의 연구 결과에 따라 너무 늦게 도입하는 것이 좋지 않다고 합니다.",https://www.youtube.com/watch?v=HMM_IdFEOg4,a child nutrition specialist,PERFECT_GRAMMAR,MEDIUM
노르웨이산 냉동 고등어는 아기 이유식에 괜찮은가요?,"네, 노르웨이산 냉동 고등어는 수은 농도가 낮은 것으로 알려져 있어 아기 이유식으로 먹여도 문제가 없습니다. 고등어는 오메가-3 지방산 등 중요한 영양소가 풍부한 아주 좋은 음식입니다.",https://www.youtube.com/watch?v=bMJcxCs5eL4,a pediatrician,POOR_GRAMMAR,MEDIUM
보리차로 분유 타면 안돼요?,분유는 반드시 맹물(끓인 물)로 타야 하며 보리차나 다른 차로 타서는 안 됩니다.,https://www.youtube.com/watch?v=sLDedsQBmDU,a child nutrition specialist,POOR_GRAMMAR,SHORT
이유식 하루에 500~600g 먹어야 하는거 맞나요?,일반적으로 하루 이유식 섭취량이 500~600 정도면 양에는 문제가 없습니다. 몸무게가 정상적으로 자라는 아기라면 이유식을 많이 먹는 것 같아도 크게 걱정하지 않아도 됩니다.,https://www.youtube.com/watch?v=ZnfIY5F1UR4,a pediatric nutrition expert,MISSPELLED,MEDIUM
소아청소년과에서 모유수유와 관련된 비만 문제에 대해 어떻게 설명하나요?,"소아청소년과 전문의는 모유수유를 하더라도 아이가 비만이 될 수 있다고 설명합니다. 비만은 섭취한 칼로리가 소비한 칼로리보다 많을 때 발생하며, 모유수유가 비만을 덜 유발하는 것은 사실이지만, 모유만 먹인다고 해서 안심할 수는 없습니다. 수유 패턴이 잘못되면 아기가 과다섭취하여 체중이 증가할 수 있으며, 일정한 시간마다 정해진 양을 주거나, 자주 계속 먹이거나, 입의 작은 신호만 보고 바로 먹이거나, 보챈다고 즉시 먹이는 등의 습관은 피해야 합니다. 체중이 증가한 경우에는 정상적인 수유 패턴을 지키고 있는지 확인하는 것이 중요합니다.",https://www.youtube.com/watch?v=wvLDAfKCce4,a pediatric nutrition expert,MISSPELLED,LONG
어린 아기에게 수수를 포함한 잡곡을 이유식에 어떻게 섞어 주는 것이 좋을까요?,"어린 아기에게 수수를 포함한 잡곡을 이유식에 섞어 주는 것은 권장됩니다. 이유식은 보통 쌀미음으로 시작하지만, 쌀죽으로 시작하는 것이 무난하며, 처음부터 잡곡을 약 10% 정도 섞어도 괜찮습니다. 이후 비율을 점차 높여 50%까지 올리는 것이 좋습니다. 수수는 잡곡의 일종으로, 통곡물로서 소화에 해롭지 않으며 오히려 섞어 주는 것이 좋습니다. 중요한 것은 곡식의 익힘 정도와 질감으로, 잡곡도 충분히 익혀 부드럽게 만들어 주어야 합니다.",https://www.youtube.com/watch?v=J43GQGMKCCQ,a child nutrition specialist,PERFECT_GRAMMAR,LONG
푸른 생선이 비타민 D 공급원으로서 어떤 역할을 하나요?,푸른 생선은 비타민 D가 포함된 음식 중 하나입니다. 그러나 식사만으로는 충분한 양을 얻기 어렵기 때문에 비타민 D 보충제를 섭취하는 것이 권장됩니다.,https://www.youtube.com/watch?v=vLXZilr9H84,a pediatrician,PERFECT_GRAMMAR,MEDIUM
아기 젖 물리기 힘들면 유축해서 먹이는게 좋나요?,"아기를 직접 젖에 물리는 것이 가장 좋습니다. 유축해서 먹이는 경우, 아기가 젖병에 익숙해져 엄마 젖을 잘 물지 않으려 할 수 있습니다. 유축하면 시간이 더 걸리고 엄마에게 부담이 되며, 결국 모유수유를 중단하는 부모가 많아집니다. 따라서 아기를 직접 젖에 물릴 수 있다는 확신을 가지고 노력하는 것이 중요합니다.",https://www.youtube.com/watch?v=xI7N8bcy9yo,a pediatrician,POOR_GRAMMAR,MEDIUM
아이들 밥 안 먹는 이유는 뭐에요?,"많은 아이들이 다른 문제가 없음에도 밥을 잘 먹지 않습니다. 아이들의 식습관을 고치는 가장 좋은 방법은 식사 시간이 지나면 음식을 치우는 것입니다. 아이들은 배가 고프면 결국 먹게 되므로, 지금 먹지 않으면 다음 식사 때까지 아무것도 주지 않는다는 것을 분명히 가르쳐야 합니다.",https://www.youtube.com/watch?v=w5s5Y76ilcA,a pediatrician,MISSPELLED,SHORT
오트밀은 아기 이유식에 어떤 역할을 하나요?,"오트밀은 아기 이유식에서 쌀과 섞어 사용하거나 대안으로 시작하는 것이 권장됩니다. 이는 비소 섭취를 줄이는 데 도움이 되며, 영양 측면에서도 더 나은 선택이 될 수 있습니다.",https://www.youtube.com/watch?v=mYABC4UAeEU,a pediatric nutrition expert,MISSPELLED,MEDIUM
